SecSymbol,AssetClass,SubClass,SecurityType,MaturityDate,ProductName,PriceDate,NavPrice
FDRXX,Cash Equivalents,Cash & Equivalents,Money Market Fund,,Fidelity® Government Cash Reserves,1/11/2017,1
AWSHX,US Stocks,Equity - US Large Cap,Open-End Fund,,American Funds Washington Mutual A,1/10/2017,44.27
PRWAX,US Stocks,Equity - US Large Cap,Open-End Fund,,T. Rowe Price New America Growth,1/10/2017,41.44
VBTLX,Taxable Bonds,Taxable - Core Bonds,Open-End Fund,,Vanguard Total Bond Market Index Adm,1/10/2017,10.69
VIMSX,US Stocks,Equity - US Mid Cap,Open-End Fund,,Vanguard Mid Cap Index Inv,1/10/2017,36.54
VGTSX,Non-US Stocks,Int'l Equity - Core,Open-End Fund,,Vanguard Total Intl Stock Index Inv,1/9/2017,15.02
AEPGX,Non-US Stocks,Int'l Equity - Core,Open-End Fund,,American Funds Europacific Growth A,1/10/2017,46.22
DFEVX,Non-US Stocks,Int'l Equity - Emg Mks,Open-End Fund,,DFA Emerging Markets Value I,1/10/2017,24.65
HSGFX,Other,Equity - Alternatives/Low Vol,Open-End Fund,,Hussman Strategic Growth,8/22/2012,10.99
ASFIX,Other,Equity - Alternatives/Low Vol,Open-End Fund,,Absolute Strategies I,9/12/2013,11.12
RYMFX,Other,Portfolio Diversifiers,Open-End Fund,,Guggenheim Managed Futures Strategy P,8/6/2012,21.99
ARBNX,Other,Portfolio Diversifiers,Open-End Fund,,Arbitrage I,1/10/2017,13.21
JSOSX,Taxable Bonds,Taxable - Non-Trad & Hi Yield,Open-End Fund,,JPMorgan Strategic Income Opps Sel,1/10/2017,11.67
LSBDX,Taxable Bonds,Taxable - Non-Trad & Hi Yield,Open-End Fund,,Loomis Sayles Bond Instl,9/24/2015,13.71
DISVX,Non-US Stocks,Int'l Equity - Small Cap,Open-End Fund,,DFA International Small Cap Value I,1/10/2017,19.48
HLLVX,Taxable Bonds,Taxable - Core Bonds,Open-End Fund,,JPMorgan Short Duration Bond Select,1/10/2017,10.82
VYM,US Stocks,Equity - US Large Cap,Exchange-Traded Fund,,New Name Vanguard High Dividend Yield ETF New Name,1/10/2017,75.63
JPMNX,Other,Taxable - Fxd Inc Alternatives,Open-End Fund,,JPMorgan Research Market Neutral L,7/24/2014,15.89
PFIUX,Taxable Bonds,Taxable - Non-Trad & Hi Yield,Open-End Fund,,PIMCO Unconstrained Bond Inst,7/24/2014,11.3
TBGVX,Non-US Stocks,Int'l Equity - Core,Open-End Fund,,"Tweedy, Browne Global Value",1/10/2017,25.32
TGBAX,Taxable Bonds,Taxable - International Bonds,Open-End Fund,,Templeton Global Bond Adv,1/10/2017,11.86
TIP,Taxable Bonds,Taxable - Core Bonds,Exchange-Traded Fund,,iShares TIPS Bond,1/6/2016,99.39
CRSOX,Other,Portfolio Diversifiers,Open-End Fund,,Credit Suisse Commodity Return Strat I,11/22/2013,7.13
ACWX,Non-US Stocks,Int'l Equity - Core,Exchange-Traded Fund,,iShares MSCI ACWI ex US,1/10/2017,41.17
VIG,US Stocks,Equity - US Large Cap,Exchange-Traded Fund,,Vanguard Dividend Appreciation ETF,1/10/2017,85.76
VWO,Non-US Stocks,Int'l Equity - Emg Mks,Exchange-Traded Fund,,Vanguard FTSE Emerging Markets ETF,1/10/2017,36.87
VFIAX,US Stocks,Equity - US Large Cap,Open-End Fund,,Vanguard 500 Index Admiral,1/10/2017,209.46
VFWIX,Non-US Stocks,Non-US Dev Stock,Open-End Fund,,Vanguard FTSE All-World ex-US Index Inv,1/10/2017,17.82
VBIRX,Taxable Bonds,Taxable - Core Bonds,Open-End Fund,,Vanguard Short-Term Bond Index Adm,1/10/2017,10.44
VIMAX,US Stocks,Equity - US Mid Cap,Open-End Fund,,Vanguard Mid Cap Index Adm,1/10/2017,165.75
VHDYX,US Stocks,Equity - US Large Cap,Open-End Fund,,Vanguard High Dividend Yield Index Inv,1/10/2017,29.95
VWSTX,Municipal Bonds,Tax Exempt - US Muni Bonds,Open-End Fund,,Vanguard Short-Term Tx-Ex,1/10/2017,15.74
VEXAX,US Stocks,Equity - US Small Cap,Open-End Fund,,Vanguard Extended Market Idx Adm,1/10/2017,74.02
VWIUX,Municipal Bonds,Tax Exempt - US Muni Bonds,Open-End Fund,,Vanguard Interm-Term Tx-Ex Adm,1/10/2017,13.97
FSHBX,Taxable Bonds,Taxable - Core Bonds,Open-End Fund,,Fidelity® Short-Term Bond,1/9/2017,8.59
RYIFX,Other,Portfolio Diversifiers,Open-End Fund,,Guggenheim Managed Futures Strategy I,9/25/2012,21.66
CASH,Cash Equivalents,Cash & Equivalents,Cash and Cash Equivalents,,CASH,1/11/2017,1
DXMAX,Other,Portfolio Diversifiers,Open-End Fund,,Direxion Idxd Mgd Futures Strat A,5/10/2016,39.74
UMBWX,Non-US Stocks,Int'l Equity - Core,Open-End Fund,,Scout International,1/10/2017,21.06
WBMRX,Other,Equity - Alternatives/Low Vol,Open-End Fund,,Whitebox Tactical Opportunities Advisor,2/4/2014,12.63
FUSVX,US Stocks,Equity - US Large Cap,Open-End Fund,,Fidelity® 500 Index Premium,1/10/2017,79.44
AOFOX,Other,Equity - Alternatives/Low Vol,Open-End Fund,,Absolute Credit Opportunities Instl,5/29/2013,11.55
LCRIX,Other,Other,Open-End Fund,,Leuthold Core Investment I,9/26/2011,15.66
IVV,US Stocks,Equity - US Large Cap,Exchange-Traded Fund,,iShares Core S&P 500,1/10/2017,227.8
COAGX,Other,Equity - Alternatives/Low Vol,Open-End Fund,,Caldwell & Orkin Market Opportunity,4/23/2014,20.98
FLOT,Taxable Bonds,Taxable - Core Bonds,Exchange-Traded Fund,,iShares Floating Rate Bond,9/26/2016,50.77
VNQ,Other,Portfolio Diversifiers,Exchange-Traded Fund,,Vanguard REIT ETF,1/10/2017,82.82
HYS,Taxable Bonds,Taxable - Non-Trad & Hi Yield,Exchange-Traded Fund,,PIMCO 0-5 Year High Yield Corp Bd ETF,1/10/2017,100.5
AQMIX,Other,Portfolio Diversifiers,Open-End Fund,,AQR Managed Futures Strategy I,1/10/2017,9.35
FUSEX,US Stocks,Equity - US Large Cap,Open-End Fund,,Fidelity® 500 Index Investor,1/10/2017,79.43
DXCTX,Other,Portfolio Diversifiers,Open-End Fund,,Direxion Indexed Cmdty Strategy A,11/25/2013,19.07
IWB,US Stocks,Equity - US Large Cap,Exchange-Traded Fund,,iShares Russell 1000,1/10/2017,126.27
IJH,US Stocks,Equity - US Mid Cap,Exchange-Traded Fund,,iShares Core S&P Mid-Cap,1/10/2017,167.44
DFSVX,US Stocks,Equity - US Small Cap,Open-End Fund,,DFA US Small Cap Value I,1/10/2017,37.64
96467B109,Other,Equity - Alternatives/Low Vol,Open-End Fund,,Whitebox Tactical Opportunities Investor,9/28/2015,9.98
ZEOIX,Taxable Bonds,Taxable - Non-Trad & Hi Yield,Open-End Fund,,Zeo Strategic Income I,1/10/2017,9.96
FSGUX,Non-US Stocks,Int'l Equity - Core,Open-End Fund,,Fidelity® Global ex US Index Investor,1/10/2017,11.12
FSGDX,Non-US Stocks,Int'l Equity - Core,Open-End Fund,,Fidelity® Global ex US Index Premium,1/10/2017,11.12
FSCLX,US Stocks,Equity - US Mid Cap,Open-End Fund,,Fidelity® Mid Cap Index Investor,1/10/2017,18.44
FSCKX,US Stocks,Equity - US Mid Cap,Open-End Fund,,Fidelity® Mid Cap Index Premium,1/10/2017,18.46
JPIN,Non-US Stocks,Int'l Equity - Core,Exchange-Traded Fund,,JPMorgan Diversified Return Intl Eq ETF,1/10/2017,49.74
SILVX,US Stocks,Equity - US Large Cap,Open-End Fund,,Summit GI US Low Volatility Equity I,1/10/2017,14.45
BNDX,Taxable Bonds,Taxable - International Bonds,Exchange-Traded Fund,,Vanguard Total International Bond ETF,1/10/2017,50.15
SPLV,US Stocks,Equity - US Large Cap,Exchange-Traded Fund,,PowerShares S&P 500 Low Volatility ETF,1/10/2017,41.52
FCASH,Cash Equivalents,Cash & Equivalents,Cash and Cash Equivalents,,FCASH,1/11/2017,1
KLD,US Stocks,Equity - US Large Cap,Exchange-Traded Fund,,iShares MSCI USA ESG Select,1/9/2017,93.17
SWEEP,Cash Equivalents,Cash & Equivalents,Cash and Cash Equivalents,,Sweep Account,1/11/2017,1
SHM,Municipal Bonds,Tax Exempt - US Muni Bonds,Exchange-Traded Fund,,SPDR® Nuveen Blmbg Barclays ST MunBd ETF,1/9/2017,48.06
TXRIX,Municipal Bonds,Tax Exempt - US Muni Bonds,Open-End Fund,,JPMorgan Tax Aware Real Return Instl,9/23/2013,10.06
$CASHEQ$,Cash Equivalents,Cash & Equivalents,Cash and Cash Equivalents,,Default Cash,1/11/2017,1
PESPX,US Stocks,Equity - US Mid Cap,Open-End Fund,,Dreyfus Mid Cap Index Inv,1/9/2017,35.25
FSTFX,Municipal Bonds,Tax Exempt - US Muni Bonds,Open-End Fund,,Fidelity® Limited Term Municipal Income,1/9/2017,10.46
VMLTX,Municipal Bonds,Tax Exempt - US Muni Bonds,Open-End Fund,,Vanguard Ltd-Term Tx-Ex,1/9/2017,10.87
VBR,US Stocks,Equity - US Small Cap,Exchange-Traded Fund,,Vanguard Small-Cap Value ETF,1/10/2017,122.09
FTEXX,Cash Equivalents,Cash & Equivalents,Money Market Fund,,Fidelity Municipal Money Market,1/11/2017,1
SYF,US Stocks,US Large Cap Value,Stock,,Synchrony Financial,1/21/2016,27.73
PAUIX,Other,Other,Open-End Fund,,PIMCO All Asset All Authority Inst,8/30/2012,10.95
VBTSX,Taxable Bonds,Taxable - Core Bonds,Open-End Fund,,Vanguard Total Bond Market Index Signal,6/3/2014,10.79
IFRWX,Taxable Bonds,US Txbl Short Term Bonds,Open-End Fund,,Voya Floating Rate W,8/30/2012,10.14
VBSSX,Taxable Bonds,Taxable - Core Bonds,Open-End Fund,,Vanguard Short-Term Bond Index Signal,10/24/2014,10.55
CSJ,Taxable Bonds,Taxable - Core Bonds,Exchange-Traded Fund,,iShares 1-3 Year Credit Bond,1/9/2017,104.92
PFORX,Taxable Bonds,Taxable - International Bonds,Open-End Fund,,PIMCO Foreign Bond (USD-Hedged) I,1/10/2017,10.42
JIPIX,Taxable Bonds,Taxable - Non-Trad & Hi Yield,Open-End Fund,,JHancock Strategic Income Opps I,9/13/2012,11.03
JNK,Taxable Bonds,Taxable - Non-Trad & Hi Yield,Exchange-Traded Fund,,SPDR® Blmbg Barclays High Yield Bd ETF,9/10/2012,40.19
IQDNX,Other,Portfolio Diversifiers,Open-End Fund,,Infinity Q Diversified Alpha Instl,1/10/2017,9.99
GE,US Stocks,Equity - US Large Cap,Stock,,General Electric Co,1/9/2017,31.46
VEA,Non-US Stocks,Int'l Equity - Core,Exchange-Traded Fund,,Vanguard FTSE Developed Markets ETF,1/10/2017,37.35
IWD,US Stocks,Equity - US Large Cap,Exchange-Traded Fund,,iShares Russell 1000 Value,1/9/2017,112.53
IWF,US Stocks,Equity - US Large Cap,Exchange-Traded Fund,,iShares Russell 1000 Growth,9/10/2012,66.65
VIFSX,US Stocks,Equity - US Large Cap,Open-End Fund,,Vanguard 500 Index Signal,10/24/2014,149.89
DFIEX,Non-US Stocks,Int'l Equity - Core,Open-End Fund,,DFA International Core Equity I,1/10/2017,11.92
SCZ,Non-US Stocks,Int'l Equity - Small Cap,Exchange-Traded Fund,,iShares MSCI EAFE Small-Cap,1/10/2017,50.87
JPUS,US Stocks,Equity - US Large Cap,Exchange-Traded Fund,,JPMorgan Diversified Return US Eq ETF,1/10/2017,60.04
VWEAX,Taxable Bonds,Taxable - Non-Trad & Hi Yield,Open-End Fund,,Vanguard High-Yield Corporate Adm,1/10/2017,5.88
DFGEX,Other,Portfolio Diversifiers,Open-End Fund,,DFA Global Real Estate Securities Port,1/10/2017,10.45
FDO,US Stocks,Equity - US Large Cap,Stock,,Family Dollar Stores Inc,7/6/2015,79.39
307991075,US Stocks,Equity - US Large Cap,Stock,,FAMILY DOLLAR STORES INC TENDERED FROM C,1/29/2015,76.22
DFIHX,Taxable Bonds,Taxable - Core Bonds,Open-End Fund,,DFA One-Year Fixed-Income I,12/1/2014,10.33
EEMV,Non-US Stocks,Int'l Equity - Emg Mks,Exchange-Traded Fund,,iShares Edge MSCI Min Vol Emerging Mkts,1/10/2017,49.96
EFAV,Non-US Stocks,Int'l Equity - Core,Exchange-Traded Fund,,iShares Edge MSCI Min Vol EAFE,1/10/2017,62.38
MCIFX,Other,Portfolio Diversifiers,Open-End Fund,,Miller Convertible Bond I,1/10/2017,12.82
FPTXX,Cash Equivalents,Cash & Equivalents,Money Market Fund,,Fidelity PA Muni Money Market,1/11/2017,1
DCMSX,Other,Portfolio Diversifiers,Open-End Fund,,DFA Commodity Strategy Institutional,11/26/2013,8.23
DFSCX,US Stocks,Equity - US Small Cap,Open-End Fund,,DFA US Micro Cap I,1/10/2017,20.83
DFISX,Non-US Stocks,Int'l Equity - Small Cap,Open-End Fund,,DFA International Small Company I,1/10/2017,17.65
DFALX,Non-US Stocks,Int'l Equity - Core,Open-End Fund,,DFA Large Cap International I,1/10/2017,20.04
DBEF,Non-US Stocks,Int'l Equity - Core,Exchange-Traded Fund,,Deutsche X-trackers MSCI EAFE Hedged Eq,7/27/2016,25.91
TMGSX,Non-US Stocks,Int'l Equity - Emg Mks,Open-End Fund,,JPMorgan Total Emerging Markets Select,5/21/2015,15.97
VFTSX,US Stocks,Equity - US Large Cap,Open-End Fund,,Vanguard FTSE Social Index Inv,1/9/2017,14.56
DLTR,US Stocks,Equity - US Large Cap,Stock,,Dollar Tree Inc,12/11/2015,76.45
TIHYX,Taxable Bonds,Taxable - Non-Trad & Hi Yield,Open-End Fund,,TIAA-CREF High-Yield Inst,1/10/2017,9.84
DFCEX,Non-US Stocks,Int'l Equity - Emg Mks,Open-End Fund,,DFA Emerging Markets Core Equity I,1/10/2017,17.82
EMB,Taxable Bonds,Taxable - International Bonds,Exchange-Traded Fund,,iShares JPMorgan USD Emerg Markets Bond,1/10/2017,111.78
NVHIX,Taxable Bonds,Taxable - Non-Trad & Hi Yield,Open-End Fund,,Nuveen Short Duration Hi Yld Muni Bd I,1/10/2017,9.84
DFGFX,Taxable Bonds,Non-US Dev Bonds,Open-End Fund,,DFA Two-Year Global Fixed-Income I,1/10/2017,9.95
SPY,US Stocks,Equity - US Large Cap,Exchange-Traded Fund,,SPDR® S&P 500 ETF,1/10/2017,226.46
IEMG,Non-US Stocks,Non-US Emrg Stock,Exchange-Traded Fund,,iShares Core MSCI Emerging Markets,1/10/2017,43.79
HACSX,Other,Portfolio Diversifiers,Open-End Fund,,Harbor Convertible Securities Instl,1/10/2017,10.65
1000036,Cash Equivalents,Cash & Equivalents,Money Market Fund,,Money Market,1/11/2017,15.76
MAX201598,Not Classified,Not Classified,Open-End Fund,,MA PORTFOLIO 2015 (FIDELITY INDEX),12/8/2016,14.35
MAX000099,Not Classified,Not Classified,Open-End Fund,,MA COLLEGE PORT. (FIDELITY INDEX),1/9/2017,14.32
MAX201895,Not Classified,Not Classified,Open-End Fund,,MA PORTFOLIO 2018 (FIDELITY INDEX),1/9/2017,15.02
VFINX,US Stocks,Equity - US Large Cap,Open-End Fund,,Vanguard 500 Index Inv,1/10/2017,209.46
RACE,US Stocks,Equity - US Mid Cap,Stock,,Ferrari NV,1/9/2017,58.28
FDMXX,Cash Equivalents,Cash & Equivalents,Money Market Fund,,Fidelity MA Municipal Money Market,1/11/2017,1
JPGE,US Stocks,Equity - US Large Cap,Exchange-Traded Fund,,JPMorgan Diversified Return Glbl Eq ETF,1/10/2017,51.71
VEU,Non-US Stocks,Int'l Equity - Core,Exchange-Traded Fund,,Vanguard FTSE All-World ex-US ETF,1/10/2017,45.23
FB,US Stocks,Equity - US Large Cap,Stock,,Facebook Inc A,1/9/2017,124.9
QAI,Other,Portfolio Diversifiers,Exchange-Traded Fund,,IQ Hedge Multi-Strategy Tracker ETF,10/5/2016,29.21
MNA,Other,Portfolio Diversifiers,Exchange-Traded Fund,,IQ Merger Arbitrage ETF,1/10/2017,29.43
MAX202497,Not Classified,Not Classified,Open-End Fund,,MA PORTFOLIO 2024 (FIDELITY INDEX),1/9/2017,15.94
BSV,Taxable Bonds,Taxable - Core Bonds,Exchange-Traded Fund,,Vanguard Short-Term Bond ETF,1/10/2017,79.55
SMCWX,Non-US Stocks,Int'l Equity - Small Cap,Open-End Fund,,American Funds SMALLCAP World A,1/9/2017,46.82
DWGAX,Non-US Stocks,Int'l Equity - Emg Mks,Open-End Fund,,American Funds Dvlpg Wld Gr&Inc A,1/9/2017,9.17
AMRMX,US Stocks,Equity - US Large Cap,Open-End Fund,,American Funds American Mutual A,1/9/2017,37.15
IWS,US Stocks,Equity - US Mid Cap,Exchange-Traded Fund,,iShares Russell Mid-Cap Value,1/9/2017,81.13
IJT,US Stocks,Equity - US Small Cap,Exchange-Traded Fund,,iShares S&P Small-Cap 600 Growth,1/9/2017,149.01
FINFX,US Stocks,Equity - US Large Cap,Open-End Fund,,American Funds Fundamental Invs F2,1/9/2017,55.15
FCNTX,US Stocks,Equity - US Large Cap,Open-End Fund,,Fidelity® Contrafund®,1/9/2017,101.14
IGFFX,Non-US Stocks,Int'l Equity - Core,Open-End Fund,,American Funds Intl Gr and Inc F2,1/9/2017,28.71
AMRFX,US Stocks,Equity - US Large Cap,Open-End Fund,,American Funds American Mutual F2,1/9/2017,37.14
VDE,US Stocks,Equity - US Large Cap,Exchange-Traded Fund,,Vanguard Energy ETF,9/28/2015,82.82
NFFFX,Non-US Stocks,Int'l Equity - Emg Mks,Open-End Fund,,American Funds New World F2,1/9/2017,52.4
AHIFX,Taxable Bonds,Taxable - Non-Trad & Hi Yield,Open-End Fund,,American Funds American High-Inc F2,1/9/2017,10.34
AEPFX,Non-US Stocks,Int'l Equity - Core,Open-End Fund,,American Funds Europacific Growth F2,1/9/2017,45.89
IWP,US Stocks,Equity - US Mid Cap,Exchange-Traded Fund,,iShares Russell Mid-Cap Growth,12/29/2016,97.94
IWR,US Stocks,Equity - US Mid Cap,Exchange-Traded Fund,,iShares Russell Mid-Cap,1/9/2017,181.15
IJS,US Stocks,Equity - US Small Cap,Exchange-Traded Fund,,iShares S&P Small-Cap 600 Value,1/9/2017,138.97
VTSAX,US Stocks,Equity - US Large Cap,Open-End Fund,,Vanguard Total Stock Mkt Idx Adm,1/9/2017,56.83
4521514C4,Municipal Bonds,Tax Exempt - US Muni Bonds,Fixed Income,,ILLINOIS ST GO BDS SER. APRIL 2008 05.00,1/9/2017,1.00387
712855HF5,Municipal Bonds,Tax Exempt - US Muni Bonds,Fixed Income,,PEORIA CNTY ILL GO ALT REV SOURCE BDS 04,1/9/2017,1.05535
FCPVX,US Stocks,Equity - US Small Cap,Open-End Fund,,Fidelity® Small Cap Value,1/9/2017,18.65
613035H64,Municipal Bonds,Tax Exempt - US Muni Bonds,Fixed Income,,MONTGOMERY ALA GO REF WTS SER. 2011 03.1,1/9/2017,1.03437
249182JA5,Municipal Bonds,Tax Exempt - US Muni Bonds,Fixed Income,,DENVER COLO CITY & CNTY ARPT REV SUB 05.,1/9/2017,1.16644
558272CP3,Municipal Bonds,Tax Exempt - US Muni Bonds,Fixed Income,,MADISON TENN SUBN UTIL DIST WTRWKS REV 0,1/9/2017,1.07969
MFM,Municipal Bonds,Tax Exempt - US Muni Bonds,Closed-End Fund,,MFS Municipal Income,7/26/2016,7.43
46625HHA1,Taxable Bonds,Taxable - Core Bonds,Fixed Income,,JP MORGAN CHASE & CO NOTE PERPETUAL 07.9,1/9/2017,1.04
VWAHX,Taxable Bonds,Taxable - Non-Trad & Hi Yield,Open-End Fund,,Vanguard High-Yield Tax-Exempt,1/9/2017,11.07
64577BKY9,Municipal Bonds,Tax Exempt - US Muni Bonds,Fixed Income,,NEW JERSEY ECONOMIC DEV AUTH REV FOR 03.,1/10/2017,1.0067
79207QCQ8,Municipal Bonds,Tax Exempt - US Muni Bonds,Fixed Income,,ST LUCIE CNTY FLA SCH DIST SALES TAX 05.,1/9/2017,1.12866
721165BV9,Municipal Bonds,Tax Exempt - US Muni Bonds,Fixed Income,,PIKE CNTY KY PUB PPTYS CORP REV FIRST 03,1/9/2017,1.03418
TDJ,Taxable Bonds,Taxable - Core Bonds,Preferred Stock,,TELEPHONE & DATA 7% 03/15/2060 PFD ISIN,7/26/2016,25.72
MOAT,Other,Equity - Alternatives/Low Vol,Exchange-Traded Fund,,VanEck Vectors Morningstar Wide Moat ETF,3/20/2015,30.54
646039UY1,Municipal Bonds,Tax Exempt - US Muni Bonds,Fixed Income,,NEW JERSEY ST GO BDS 05.00000% 06/01/202,1/9/2017,1.09463
JQC,Taxable Bonds,Taxable - Core Bonds,Closed-End Fund,,Nuveen Credit Strategies Income,1/11/2017,8.77
49151FRM4,Municipal Bonds,Tax Exempt - US Muni Bonds,Fixed Income,,KENTUCKY ST PPTY & BLDGS COMMNREVS AGY 0,1/9/2017,0.96791
867868HA2,Municipal Bonds,Tax Exempt - US Muni Bonds,Fixed Income,,SUNSHINE ST GOVERNMENTAL FING 04.00000%,1/9/2017,1.07595
ETX,Municipal Bonds,Tax Exempt - US Muni Bonds,Closed-End Fund,,EV Municipal Income 2028 Term Trust,7/26/2016,21.09
010608D95,Municipal Bonds,Tax Exempt - US Muni Bonds,Fixed Income,,ALABAMA ST PUB SCH & COLLEGE AUTH PUB SC,1/9/2017,1.03106
FIGRX,Non-US Stocks,Int'l Equity - Core,Open-End Fund,,Fidelity® International Discovery,1/9/2017,37.2
70914PVN9,Municipal Bonds,Tax Exempt - US Muni Bonds,Fixed Income,,PENNSYLVANIA ST GO BDS FIRST SER 05.0000,1/9/2017,1.15587
052414LN7,Municipal Bonds,Tax Exempt - US Muni Bonds,Fixed Income,,AUSTIN TEX ELEC UTIL SYS REV REF REV BDS,1/9/2017,1.11824
VEMAX,Non-US Stocks,Int'l Equity - Emg Mks,Open-End Fund,,Vanguard Emerging Mkts Stock Idx Adm,3/17/2016,28.21
VFWAX,Non-US Stocks,Int'l Equity - Core,Open-End Fund,,Vanguard FTSE All-Wld ex-US Idx Admiral,1/9/2017,28.03
SWPPX,US Stocks,Equity - US Large Cap,Open-End Fund,,Schwab® S&P 500 Index,1/10/2017,34.9
MFC,US Stocks,Equity - US Large Cap,Stock,,Manulife Financial Corp,10/13/2015,16.56
PFODX,Taxable Bonds,Taxable - International Bonds,Open-End Fund,,PIMCO Foreign Bond (USD-Hedged) D,1/10/2017,10.42
LAAIX,Balanced,Balanced,Open-End Fund,,Leuthold Asset Allocation Instl,6/24/2011,10.66
GIVE,Other,Portfolio Diversifiers,Exchange-Traded Fund,,AdvisorShares Global Echo ETF,1/10/2017,61.2
JIEIX,Non-US Stocks,Int'l Equity - Core,Open-End Fund,,Aberdeen Select International Eq I,7/30/2012,23.32
725277CD7,Taxable Bonds,Taxable - Core Bonds,Fixed Income,,PITTSBURGH PA SCH DIST GO SCH DIST BDS 0,1/10/2017,1.07493
181059QF6,Taxable Bonds,Taxable - Core Bonds,Fixed Income,,CLARK CNTY NEV SCH DIST FOR ISSUES DTD 0,1/9/2017,1.12826
74367CCD5,Taxable Bonds,Taxable - Core Bonds,Fixed Income,,PROTECTIVE LIFE SECD TRS 2.93707% 12/10/,12/9/2014,1
519108DG6,Municipal Bonds,Tax Exempt - US Muni Bonds,Fixed Income,,LAURENS CNTY S C WTR & SWR COMMN WTRWKS,1/9/2017,1.00237
703776DK7,Municipal Bonds,Tax Exempt - US Muni Bonds,Fixed Income,,PAULSBORO N J TAXABLE GO BDS SER. 03.000,1/9/2017,1.01838
71645WAN1,Taxable Bonds,Taxable - Core Bonds,Fixed Income,,PETROBRAS INTERNATIONAL FINANC 07.87500%,1/10/2017,1.10125
165087AN7,Municipal Bonds,Tax Exempt - US Muni Bonds,Fixed Income,,CHESAPEAKE & POTOMAC TEL CO VA 7.87500%,1/9/2017,1.19943
61760QAM6,Taxable Bonds,Taxable - Core Bonds,Fixed Income,,MORGAN STANLEY SR NT FIX/FLT 5.25000% 03,1/9/2017,1.00128
AEK,Taxable Bonds,Taxable - Core Bonds,Preferred Stock,,AEGON NV 08.00% 02/15/2042 PFD,8/2/2016,27.07
PFUIX,Taxable Bonds,Non-US Dev Bonds,Open-End Fund,,PIMCO Foreign Bond (Unhedged) I,12/1/2011,11.03
38141E6A2,Taxable Bonds,Taxable - Core Bonds,Fixed Income,,GOLDMAN SACHS GRP INC MTN BE 5.50000% 05,1/9/2017,1.08286
71781LAU3,Municipal Bonds,Tax Exempt - US Muni Bonds,Fixed Income,,PHILADELPHIA PA AUTH FOR INDL DEV PENSIO,4/14/2016,1
220121DK0,Taxable Bonds,Taxable - Core Bonds,Fixed Income,,CORPUS CHRISTI TEX BUSINESS & JOV DEV 03,1/9/2017,1.01399
SANPRECL,Taxable Bonds,Taxable - Core Bonds,Stock,,Santander Finance Preferred SA Unipersonal Pref Share,9/26/2014,25.64
837151LC1,Taxable Bonds,Taxable - Core Bonds,Fixed Income,,SOUTH CAROLINA ST PUB SVCS AUTH REV 03.6,1/9/2017,1.00667
177452DJ5,Municipal Bonds,Tax Exempt - US Muni Bonds,Fixed Income,,CITRUS CNTY FLA CAP IMPT REV CAP IMPT 05,1/9/2017,1.10132
00206RCT7,Taxable Bonds,Taxable - Core Bonds,Fixed Income,,AT&T INC NOTE CALL MAKE WHOLE 4.12500% 0,1/10/2017,1.00809
119655PU6,Municipal Bonds,Tax Exempt - US Muni Bonds,Fixed Income,,BUFFALO MINN INDPT SCH DIST NO 877 04.40,1/9/2017,1.02773
00206RBD3,Taxable Bonds,Taxable - Core Bonds,Fixed Income,,AT&T INC SR GLBL NT 3.00000% 02/15/2022,1/9/2017,0.99387
11133TAA1,Taxable Bonds,Taxable - Core Bonds,Fixed Income,,BROADRIDGE FIN SOL NOTES 6.125% 06/01/20,1/9/2017,1.0167
20772G4Z8,Taxable Bonds,Taxable - Core Bonds,Fixed Income,,CONNECTICUT ST GO BDS SER.2009B 05.63200,1/9/2017,1.18436
678514BA7,Municipal Bonds,Tax Exempt - US Muni Bonds,Fixed Income,,OKLAHOMA CAP IMP AUTH ST HWY CAP IMPT 04,1/9/2017,1.05554
48542KN39,Municipal Bonds,Tax Exempt - US Muni Bonds,Fixed Income,,KANSAS ST DEV FIN AUTH REV PUB WTR 04.90,1/9/2017,1.00812
JETAX,Non-US Stocks,Int'l Equity - Core,Open-End Fund,,Aberdeen Select International Eq II A,9/5/2012,10.03
472319AH5,Taxable Bonds,Taxable - Core Bonds,Fixed Income,,JEFFERIES GROUP INC NOTE CALL MAKE WHOLE,1/9/2017,1.13629
13063BJD5,Municipal Bonds,Tax Exempt - US Muni Bonds,Fixed Income,,CALIFORNIA ST GO BDS 05.60000% 11/01/202,1/9/2017,1.12699
GFY,Taxable Bonds,Taxable - Core Bonds,Closed-End Fund,,Western Asset Variable Rate Strategic,1/9/2017,16.0012
72447WAA7,Taxable Bonds,Taxable - Core Bonds,Fixed Income,,PITNEY BOWES INC GLBL MTNS BE 4.750% 05/,1/9/2017,1.02944
978862T34,Taxable Bonds,Taxable - Core Bonds,Fixed Income,,WOODBRIDGE TWP N J GO REF BDS SER. 2014,1/9/2017,1.01966
HSEB,Taxable Bonds,Taxable - Core Bonds,Preferred Stock,,HSBC HLDGS PLC PERP SUB CAP SECS SECS EX,2/5/2015,26.83
949746PM7,Taxable Bonds,Taxable - Core Bonds,Fixed Income,,WELLS FARGO & CO  VAR 99 DUE 12/31/99,1/10/2017,1.05
LULU,US Stocks,US Mid Cap Growth,Stock,,Lululemon Athletica Inc,1/9/2017,68.19
NKE,US Stocks,Equity - US Large Cap,Stock,,Nike Inc B,1/9/2017,53.38
VT,Non-US Stocks,Non-US Dev Stock,Exchange-Traded Fund,,Vanguard Total World Stock ETF,1/10/2017,62.16
EA,US Stocks,US Large Cap Growth,Stock,,Electronic Arts Inc,7/9/2013,23.565
BSJJ,Taxable Bonds,Taxable - Non-Trad & Hi Yield,Exchange-Traded Fund,,Guggenheim BulletShrs 2019 HY CorpBd ETF,1/10/2017,24.305
315807503,Taxable Bonds,Taxable - Core Bonds,Open-End Fund,,Fidelity Advisor® Short Fxd-Inc T,5/14/2012,9.3
SCHM,US Stocks,Equity - US Mid Cap,Exchange-Traded Fund,,Schwab US Mid-Cap ETF™,1/10/2017,45.79
464294107,Other,Portfolio Diversifiers,Exchange-Traded Fund,,iShares Diversified Alternatives Trust,6/3/2013,53.34
DWM,Non-US Stocks,Int'l Equity - Value,Exchange-Traded Fund,,WisdomTree International Equity ETF,3/17/2015,51.345
MINT,Taxable Bonds,Taxable - Core Bonds,Exchange-Traded Fund,,PIMCO Enhanced Short Maturity Active ETF,1/10/2017,101.36
WDTI,Other,Portfolio Diversifiers,Exchange-Traded Fund,,WisdomTree Managed Futures Strategy ETF,1/10/2017,40.719
FHETX,Other,Portfolio Diversifiers,Open-End Fund,,Fidelity Advisor® Real Estate T,5/14/2012,19.08
FAMCZ,Not Classified,Not Classified,Open-End Fund,,FIDELITY ADV MID CAP II FD CL T,2/27/2012,17.86
VCSH,Taxable Bonds,Taxable - Core Bonds,Exchange-Traded Fund,,Vanguard Short-Term Corporate Bond ETF,1/10/2017,79.44
BSJI,Taxable Bonds,Taxable - Non-Trad & Hi Yield,Exchange-Traded Fund,,Guggenheim BulletShrs 2018 HY CorpBd ETF,1/10/2017,25.29
FAERX,Non-US Stocks,Non-US Dev Stock,Open-End Fund,,Fidelity Advisor® Overseas T,10/2/2012,17.32
CWI,Non-US Stocks,Int'l Equity - Core,Exchange-Traded Fund,,SPDR® MSCI ACWI ex-US ETF,1/10/2017,32.19
BSJH,Taxable Bonds,Taxable - Non-Trad & Hi Yield,Exchange-Traded Fund,,Guggenheim BulletShrs 2017 HY CorpBd ETF,1/10/2017,25.83
ACWI,Non-US Stocks,Non-US Dev Stock,Exchange-Traded Fund,,iShares MSCI ACWI,1/5/2017,60.37
EFA,Non-US Stocks,Int'l Equity - Core,Exchange-Traded Fund,,iShares MSCI EAFE,1/9/2017,58.96
VTI,US Stocks,Equity - US Large Cap,Exchange-Traded Fund,,Vanguard Total Stock Market ETF,1/10/2017,116.87
EEM,Non-US Stocks,Int'l Equity - Emg Mks,Exchange-Traded Fund,,iShares MSCI Emerging Markets,1/10/2017,36.12
DFFVX,US Stocks,Equity - US Small Cap,Open-End Fund,,DFA US Targeted Value I,1/9/2017,23.94
29270CYN9,Taxable Bonds,Taxable - Core Bonds,Fixed Income,,ENERGY NORTHWEST WASH ELEC REV REV 02.65,1/9/2017,1.02164
64763FQK8,Taxable Bonds,Taxable - Core Bonds,Fixed Income,,NEW ORLEANS LA GO LTD TAX REF BDS SER. 0,1/9/2017,1.06387
PDMYX,Other,Equity - Alternatives/Low Vol,Open-End Fund,,Putnam Absolute Return 700 Y,8/19/2016,11.25
BJBIX,Non-US Stocks,Int'l Equity - Core,Open-End Fund,,Aberdeen Select International Eq A,7/27/2012,22.79
405108MZ1,Taxable Bonds,Taxable - Core Bonds,Fixed Income,,HAGERSTOWN MD PUB FACS BDS SER. 2009B 05,1/9/2017,1.0889
EVV,Taxable Bonds,Taxable - Core Bonds,Closed-End Fund,,EV Limited Duration Income,7/26/2016,13.75
SARIX,Other,Equity - Alternatives/Low Vol,Open-End Fund,,Schooner Global Absolute Return,12/27/2012,17.32
ELD,Taxable Bonds,Taxable - Emerging Mkts Bonds,Exchange-Traded Fund,,WisdomTree Emerging Markets Lcl Dbt ETF,1/16/2015,41.73
25459HBF1,Taxable Bonds,Taxable - Core Bonds,Fixed Income,,DIRECTV HLDGS LLC / DIRECTV 3.80000% 03/,1/10/2017,0.980732
06048WBT6,Taxable Bonds,Taxable - Core Bonds,Fixed Income,,BANK OF AMERICA CORP FR 3.33493% 05/03/2,1/9/2017,1.00463
78011RBP7,Taxable Bonds,Taxable - Core Bonds,Fixed Income,,ROYAL BK OF SCOTLAND PLC 4.00000% 10/15/,10/14/2016,1
FLPSX,US Stocks,Equity - US Mid Cap,Open-End Fund,,Fidelity® Low-Priced Stock,1/9/2017,49.66
887KMI8H6,Not Classified,Not Classified,Fixed Income,,TIME WARNER CABLE INC 5.85000% 05/01/201,10/26/2015,1.05678
MDY,US Stocks,Equity - US Mid Cap,Exchange-Traded Fund,,SPDR® S&P MidCap 400 ETF,1/10/2017,305.5
72447XAD9,Taxable Bonds,Taxable - Core Bonds,Fixed Income,,PITNEY BOWES INC MTN CALL MAKE WHOLE 05.,1/10/2017,1.035747
DFREX,Other,Portfolio Diversifiers,Open-End Fund,,DFA Real Estate Securities I,1/9/2017,34.95
64966H4G2,Taxable Bonds,Taxable - Core Bonds,Fixed Income,,NEW YORK N Y GO BDS SER. 2011 C-1 03.947,1/9/2017,1.0582
AXP,US Stocks,Equity - US Large Cap,Stock,,American Express Co,1/9/2017,75.86
428236BF9,Taxable Bonds,Taxable - Core Bonds,Fixed Income,,HEWLETT PACKARD CO NOTE 03.75000% 12/01/,1/10/2017,1.035393
ICB,Taxable Bonds,Taxable - Core Bonds,Closed-End Fund,,MS Income Securities,7/26/2016,18.64
64469NAF6,Taxable Bonds,Taxable - Core Bonds,Fixed Income,,NEW HAMPSHIRE ST FED HWY GRANT ANTIC BDS,1/9/2017,1.08867
590485VF2,Taxable Bonds,Taxable - Core Bonds,Fixed Income,,MESA ARIZ GO BDS SER. 2010 05.00000% 07/,1/9/2017,1.07749
CSHIX,Taxable Bonds,Taxable - Non-Trad & Hi Yield,Open-End Fund,,Credit Suisse Floating Rate Hi Inc Instl,11/22/2013,6.95
PXWEX,US Stocks,Equity - US Large Cap,Open-End Fund,,Pax Ellevate Global Women's Idx Indv Inv,1/9/2017,20.93
89833W725,US Stocks,Equity - US Large Cap,Open-End Fund,,Schooner A,6/18/2013,24.58
PXINX,Non-US Stocks,Non-US Dev Stock,Open-End Fund,,Pax MSCI International ESG Idx Indv Inv,8/7/2014,8.66
FRN,Non-US Stocks,Int'l Equity - Emg Mks,Exchange-Traded Fund,,Guggenheim Frontier Markets ETF,11/19/2013,16.95
HLMOX,Non-US Stocks,Int'l Equity - Emg Mks,Open-End Fund,,Harding Loevner Frontier Emerg Mkts Inv,1/9/2017,7.31
VTABX,Taxable Bonds,Taxable - International Bonds,Open-End Fund,,Vanguard Total Intl Bd Idx Admiral™,1/10/2017,21.6
TPINX,Taxable Bonds,Non-US Dev Bonds,Open-End Fund,,Templeton Global Bond A,1/10/2017,11.91
VTTHX,Balanced,Balanced,Open-End Fund,,Vanguard Target Retirement 2035 Inv,1/10/2017,17.99
DFSPX,Non-US Stocks,Non-US Dev Stock,Open-End Fund,,DFA Intl Sustainability Core 1,1/10/2017,9.09
CYBAX,Taxable Bonds,US High Yield Bonds,Open-End Fund,,Calvert High Yield Bond A,1/10/2017,27.37
PXNIX,Non-US Stocks,Int'l Equity - Core,Open-End Fund,,Pax MSCI International ESG Idx Instl,1/9/2017,7.8
PSHDX,Taxable Bonds,Taxable - Core Bonds,Open-End Fund,,PIMCO Short-Term D,1/9/2017,9.79
PTTDX,Taxable Bonds,Taxable - Core Bonds,Open-End Fund,,PIMCO Total Return D,1/10/2017,10.09
IJR,US Stocks,Equity - US Small Cap,Exchange-Traded Fund,,iShares Core S&P Small-Cap,1/10/2017,137.84
912828LY4,Taxable Bonds,Taxable - Core Bonds,Fixed Income,,UNITED STATES TREAS NTS 3.37500% 11/15/2,1/9/2017,1.05426
31359MGK3,Taxable Bonds,Taxable - Core Bonds,Fixed Income,,FEDERAL NATL MTG ASSN BOND 6.62500% 11/1,1/9/2017,1.40341
912810QD3,Taxable Bonds,Taxable - Core Bonds,Fixed Income,,UNITED STATES TREAS BDS 4.37500% 11/15/2,1/9/2017,1.25336
46136A818,Municipal Bonds,Tax Exempt - US Muni Bonds,Unit Investment Trust,,IVZ Investment Grade Muni-Interm 36 WM,1/9/2017,912.75
DBPIX,Taxable Bonds,Taxable - Core Bonds,Open-End Fund,,Deutsche Short Duration S,1/9/2017,8.71
FMIHX,US Stocks,Equity - US Large Cap,Open-End Fund,,FMI Large Cap,1/9/2017,20
VPCCX,US Stocks,Equity - US Large Cap,Open-End Fund,,Vanguard PRIMECAP Core Inv,1/9/2017,22.6
EXWAX,Non-US Stocks,Int'l Equity - Core,Open-End Fund,,Manning & Napier World Opportunities A,9/16/2016,7.1
VBISX,Taxable Bonds,Taxable - Core Bonds,Open-End Fund,,Vanguard Short-Term Bond Index Inv,1/9/2017,10.44
RYPRX,US Stocks,Equity - US Small Cap,Open-End Fund,,Royce Premier Invmt,1/9/2017,15.48
429326UA7,Municipal Bonds,Tax Exempt - US Muni Bonds,Fixed Income,,HIDALGO CNTY TEX CTFS OF OBLIG SER. 05.0,1/9/2017,1.07257
05566HCK1,Taxable Bonds,Taxable - Core Bonds,Fixed Income,,BNP PARIBAS US MTN LLC 1.44542% 04/03/20,7/22/2015,0.985
40429CGD8,Taxable Bonds,Taxable - Core Bonds,Fixed Income,,HSBC FINANCE CORP SR SB 6.67600% 01/15/2,7/16/2015,1.15507
4042K1FE8,Taxable Bonds,Taxable - Core Bonds,Fixed Income,,HSBC USA INC NEW INFL FIX/FLT 2.73707% 0,1/9/2017,1.00544
4042K1FE8,Taxable Bonds,Fixed Income-Other,Fixed Income,,Hsbc Usa Inc New FRN 2018-03-24,1/10/2017,1
61760LAB1,Taxable Bonds,Taxable - Core Bonds,Fixed Income,,MORGAN STANLEY FR 5.00000% 08/23/2022,7/16/2015,1.08342
6824544M2,Municipal Bonds,Tax Exempt - US Muni Bonds,Fixed Income,,ONEIDA CNTY N Y PUB IMPT BDS SER. 2009D,1/9/2017,1.13614
015752GN2,Municipal Bonds,Tax Exempt - US Muni Bonds,Fixed Income,,ALGONAC MICH CMNTY SCHS GO SCH BDS SER.,7/22/2015,1.02047
59018YUR0,Taxable Bonds,Taxable - Core Bonds,Fixed Income,,MERRILL LYNCH CO INC MTN BE 1.85561% 11/,11/2/2016,1
64966HTT7,Municipal Bonds,Tax Exempt - US Muni Bonds,Fixed Income,,NEW YORK N Y GO BDS SER. 2010 D-1 05.199,7/22/2015,1.15787
74367CCV5,Taxable Bonds,Taxable - Core Bonds,Fixed Income,,PROTECTIVE LIFE SECD TRS 3.10174% 06/10/,6/9/2015,1
155675BQ3,Municipal Bonds,Tax Exempt - US Muni Bonds,Fixed Income,,CENTRAL UTAH WTR CONSERVANCY DIST WTR 04,7/17/2015,1.08445
452152DJ7,Municipal Bonds,Tax Exempt - US Muni Bonds,Fixed Income,,ILLINOIS ST GO BDS SER. 2010-2 05.00000%,1/9/2017,1.0047
46613CWC5,Municipal Bonds,Tax Exempt - US Muni Bonds,Fixed Income,,JEA FLA ELEC SYS REV REV BDS SUB REV BDS,1/9/2017,1.04999
428236BQ5,Taxable Bonds,Taxable - Core Bonds,Fixed Income,,HEWLETT PACKARD CO NOTE 04.37500% 09/15/,1/10/2017,1.057812
41659FCU6,Taxable Bonds,Taxable - Core Bonds,Fixed Income,,HARTFORD LIFE GLOBAL FDG TRS 3.10174% 04,4/13/2015,1
428236BQ5,Taxable Bonds,Fixed Income-Other,Fixed Income,,Hewlett Packard 4.375% 2021-09-15,1/10/2017,1
AMAAX,Municipal Bonds,Tax Exempt - US Muni Bonds,Open-End Fund,,AB Municipal Income II Massachusetts A,5/27/2016,11.6
PFOAX,Taxable Bonds,Non-US Dev Bonds,Open-End Fund,,PIMCO Foreign Bond (USD-Hedged) A,4/29/2016,10.18
PACIX,Other,Other,Open-End Fund,,Columbia Convertible Securities A,4/26/2016,16.23
20281PJT0,Municipal Bonds,Tax Exempt - US Muni Bonds,Fixed Income,,COMMONWEALTH FING AUTH PA REV REV BDS 05,1/9/2017,1.12845
MMHAX,Municipal Bonds,Tax Exempt - US Muni Bonds,Open-End Fund,,MainStay High Yield Municipal Bond A,5/27/2016,12.59
PONAX,Taxable Bonds,Taxable - Core Bonds,Open-End Fund,,PIMCO Income A,4/29/2016,11.85
OIOAX,Other,Other,Open-End Fund,,Orinda Income Opportunities A,4/26/2016,22.36
JPS,Other,Other,Closed-End Fund,,Nuveen Preferred Securities Income,5/12/2016,9.17
TEI,Taxable Bonds,Non-US Emrg Bonds,Closed-End Fund,,Templeton Emerging Markets Income,5/12/2016,10.36
JSFBX,Other,Other,Open-End Fund,,JHancock Seaport A,4/26/2016,10.46
70917SWU3,Municipal Bonds,Tax Exempt - US Muni Bonds,Fixed Income,,PENNSYLVANIA ST HIGHER EDL FACS AUTH 05.,1/9/2017,1.17511
30299R115,Other,Portfolio Diversifiers,Unit Investment Trust,,FS INVT CORP ADVISORY II,7/11/2016,8.15
MHCAX,Taxable Bonds,Taxable - Non-Trad & Hi Yield,Open-End Fund,,MainStay High Yield Corporate Bond A,4/26/2016,5.48
ACTHX,Taxable Bonds,Taxable - Non-Trad & Hi Yield,Open-End Fund,,Invesco High Yield Muni A,5/10/2016,10.31
PXRAX,Other,Portfolio Diversifiers,Open-End Fund,,Virtus Intl Real Estate Securities A,5/10/2016,7.18
OIGAX,Non-US Stocks,Int'l Equity - Core,Open-End Fund,,Oppenheimer International Growth A,5/17/2016,35.95
OSMAX,Non-US Stocks,Non-US Dev Stock,Open-End Fund,,Oppenheimer International Small-Mid Co A,5/10/2016,37.2
914849EV2,Municipal Bonds,Tax Exempt - US Muni Bonds,Fixed Income,,UNIVERSITY S C ATHLETIC FACS REV 03.0000,1/9/2017,1.00559
OIEIX,US Stocks,Equity - US Large Cap,Open-End Fund,,JPMorgan Equity Income A,1/9/2017,14.99
FNIAX,US Stocks,Equity - US Large Cap,Open-End Fund,,Fidelity Advisor® New Insights A,1/9/2017,27.06
LPTAX,Other,Other,Open-End Fund,,EnTrustPermal Alternative Core A,5/10/2016,13.45
30291A102,Other,Portfolio Diversifiers,Unit Investment Trust,,FS GLOBAL CREDIT OPPORTUNITIES FUND-D,7/11/2016,7.1596
815668MB1,Municipal Bonds,Tax Exempt - US Muni Bonds,Fixed Income,,SEDGWICK CNTY KANS UNI SCH DIST NO 265 0,1/9/2017,1.09344
341575AM0,Municipal Bonds,Tax Exempt - US Muni Bonds,Fixed Income,,FLORIDA ST BRD GOVERNORS FLA 03.00000% 0,1/9/2017,1.01778
20772JBP6,Municipal Bonds,Tax Exempt - US Muni Bonds,Fixed Income,,CONNECTICUT ST GO BDS SER.2011B 05.00000,1/9/2017,1.11268
050537UQ0,Municipal Bonds,Tax Exempt - US Muni Bonds,Fixed Income,,AUBURN N Y GO NEW CLEAN RENEWABLE 02.875,1/9/2017,1.00192
IHOAX,Non-US Stocks,Non-US Dev Stock,Open-End Fund,,Hartford International Opportunities A,5/10/2016,14.06
64966HZ45,Municipal Bonds,Tax Exempt - US Muni Bonds,Fixed Income,,NEW YORK N Y GO BDS SER.2011D 03.37500%,1/9/2017,1.0276
427585GT5,Municipal Bonds,Tax Exempt - US Muni Bonds,Fixed Income,,HERMITAGE PA MUN AUTH SWR REV GTD SWR 02,1/9/2017,0.97799
TYG,US Stocks,Specialty/Sector,Closed-End Fund,,Tortoise Energy Infrastructure,4/28/2016,29.5
EVOAX,Other,Other,Open-End Fund,,Altegris Futures Evolution Strategy A,5/10/2016,10.49
ASHAX,Taxable Bonds,Taxable - Core Bonds,Open-End Fund,,AllianzGI Short Duration High Inc A,1/9/2017,15.23
116475S47,Municipal Bonds,Tax Exempt - US Muni Bonds,Fixed Income,,BROWNSVILLE TEX UTIL SYS REV REF BDS SER,1/9/2017,1.15612
IEGAX,Non-US Stocks,Non-US Dev Stock,Open-End Fund,,Invesco International Small Company A,5/10/2016,16.25
61760LBB0,Taxable Bonds,Taxable - Core Bonds,Fixed Income,,MORGAN STANLEY MTN 4.00000% 11/16/2024,1/9/2017,1.01269
SAPYX,US Stocks,Equity - US Large Cap,Open-End Fund,,ClearBridge Appreciation I,5/10/2016,20.37
PG,US Stocks,Equity - US Large Cap,Stock,,Procter & Gamble Co,1/9/2017,84.4
GLD,Other,Other,Exchange-Traded Fund,,SPDR® Gold Shares,5/12/2016,121.16
HFMIX,US Stocks,Equity - US Mid Cap,Open-End Fund,,Hartford MidCap I,5/17/2016,24.03
70643UCH0,Taxable Bonds,Taxable - Core Bonds,Fixed Income,,PEMBROKE PINES FLA COMMUNICATIONS SVCS 0,1/9/2017,1.00795
59259YDJ5,Taxable Bonds,Taxable - Core Bonds,Fixed Income,,METROPOLITAN TRANSN AUTH N Y REV FOR 05.,1/9/2017,1.1252
051249HG8,Taxable Bonds,Taxable - Core Bonds,Fixed Income,,AUGUSTA GA WTR & SEW REV REV BDS SER. 04,1/9/2017,1.07621
GACIX,US Stocks,Equity - US Small Cap,Open-End Fund,,Gabelli Small Cap Growth I,5/10/2016,47.88
GIM,Taxable Bonds,Taxable - International Bonds,Closed-End Fund,,Templeton Global Income,1/9/2017,6.47
LCEYX,US Stocks,Equity - US Large Cap Value,Open-End Fund,,Invesco Diversified Dividend Y,4/28/2016,18.71
00206RDB5,Taxable Bonds,Taxable - Core Bonds,Fixed Income,,AT&T INC NOTE CALL MAKE WHOLE 3.80000% 0,1/9/2017,1.03037
SOPYX,US Stocks,Equity - US Large Cap,Open-End Fund,,ClearBridge Dividend Strategy I,5/17/2016,20.25
642835LR1,Taxable Bonds,Taxable - Core Bonds,Fixed Income,,NEW BRUNSWICK N J PKG AUTH REV REV BDS 0,1/9/2017,1.1738
JHAIX,Other,Other,Open-End Fund,,JHancock Global Absolute Ret Strats I,5/10/2016,10.16
ASLAX,Other,Other,Open-End Fund,,AB Select US Long/Short A,4/28/2016,11.33
11283U108,Taxable Bonds,Taxable - Core Bonds,Closed-End Fund,,Brookfield Total Return Fund,5/12/2016,23.46
CRYW,Taxable Bonds,Taxable - Core Bonds,Stock,,Carey Watermark Investors Inc,1/9/2017,10.66
JLPSX,US Stocks,Equity - US Large Cap,Open-End Fund,,JPMorgan US Large Cap Core Plus Select,1/9/2017,28.68
712855FT7,Taxable Bonds,Taxable - Core Bonds,Fixed Income,,PEORIA CNTY ILL TAXABLE GO ALT REV 05.00,1/9/2017,1.06734
AIEVX,Non-US Stocks,Non-US Dev Stock,Open-End Fund,,Invesco International Growth R5,4/28/2016,32.26
60636WNS0,Taxable Bonds,Taxable - Core Bonds,Fixed Income,,MISSOURI ST HWYS & TRANS COMMN ST RD 05.,1/9/2017,1.14049
JVMIX,US Stocks,Equity - US Mid Cap,Open-End Fund,,JHancock Disciplined Value Mid Cap I,5/10/2016,19.66
679087FG6,Taxable Bonds,Taxable - Core Bonds,Fixed Income,,OKLAHOMA ST CAP IMPT AUTH ST HWY CAP IMP,1/9/2017,1.0704
HILIX,Non-US Stocks,Int'l Equity - Value,Open-End Fund,,Hartford International Value I,5/17/2016,13.53
IIRIX,Other,Portfolio Diversifiers,Open-End Fund,,Voya International Real Estate I,5/10/2016,8.92
AYBAX,Taxable Bonds,Taxable - Non-Trad & Hi Yield,Open-End Fund,,AllianzGI High Yield Bond A,4/26/2016,8.74
C,US Stocks,US Large Cap Value,Stock,,Citigroup Inc,1/10/2017,60.23
BRK.B,US Stocks,Equity - US Large Cap,Stock,,Berkshire Hathaway Inc B,1/9/2017,162.02
WGIFX,Non-US Stocks,Int'l Equity - Value,Open-End Fund,,American Funds Capital World Gr&Inc F2,1/9/2017,44.58
38141E4F3,Taxable Bonds,Taxable - Core Bonds,Fixed Income,,GOLDMAN SACHS GRP INC MTN BE 5.70000% 06,1/9/2017,1.1157
GFFFX,US Stocks,Equity - US Large Cap,Open-End Fund,,American Funds Growth Fund of Amer F2,1/9/2017,42.93
FLMVX,US Stocks,Equity - US Mid Cap,Open-End Fund,,JPMorgan Mid Cap Value L,1/9/2017,36.54
345370BN9,Taxable Bonds,Taxable - Core Bonds,Fixed Income,,FORD MTR CO DEL BOND 7.12500% 11/15/2025,1/9/2017,1.18757
36966TAL6,Taxable Bonds,Taxable - Core Bonds,Fixed Income,,GENERAL ELECTRIC CAPITAL CORP 4.10000% 1,1/9/2017,1.05797
61745E2E0,Taxable Bonds,Taxable - Core Bonds,Fixed Income,,MORGAN STANLEY D W DISC SRS MTN 3.06287%,1/9/2017,1.00875
FSEN,Not Classified,Not Classified,Stock,,FS Energy and Power Fund,12/12/2016,7.35
PMCPX,US Stocks,US Mid Cap Growth,Open-End Fund,,Principal MidCap P,12/15/2016,23.19
FRUHGX,Taxable Bonds,Taxable - Non-Trad & Hi Yield,Unit Investment Trust,,FT High Yield Corp Tr Sht Interm 7 CA,1/9/2017,172.48
36962G4J0,Taxable Bonds,Taxable - Core Bonds,Fixed Income,,GENERAL ELEC CAP CORP BE MTN 5.50000% 01,1/9/2017,1.10311
OIDAX,Non-US Stocks,Non-US Dev Stock,Open-End Fund,,Oppenheimer International Diversified A,12/15/2016,13.83
FPNELX,Taxable Bonds,Taxable - Non-Trad & Hi Yield,Unit Investment Trust,,FT High Yield Corp Tr Sht Interm 8 CA,1/9/2017,203.703
013817AS0,Taxable Bonds,Taxable - Core Bonds,Fixed Income,,ALCOA CORP NOTE CALL MAKE WHOLE 6.75000%,1/9/2017,1.063
30282X103,Not Classified,Not Classified,Unit Investment Trust,,FS INVESTMENT CORP III COM,12/7/2016,8.47
037411AK1,Taxable Bonds,Taxable - Core Bonds,Fixed Income,,APACHE CORP NOTE 7.95000% 04/15/2026,1/9/2017,1.25652
40431GZD4,Taxable Bonds,Taxable - Core Bonds,CD,,HSBC BANK USA NA CD 0.00000% 10/31/2018,1/9/2017,0.9811
VDIGX,US Stocks,Equity - US Large Cap,Open-End Fund,,Vanguard Dividend Growth Inv,1/9/2017,23.74
905572AD5,Taxable Bonds,Taxable - Core Bonds,Fixed Income,,UNION CARBIDE CHEMS&PLASTICS BOND 7.8750,1/9/2017,1.45
SPAXX,Cash Equivalents,Cash & Equivalents,Money Market Fund,,Fidelity® Government MMkt,1/11/2017,1
BNNY,US Stocks,US Small Cap Growth,Stock,,Annie's Inc,9/24/2014,45.91
IWN,US Stocks,Equity - US Small Cap,Exchange-Traded Fund,,iShares Russell 2000 Value,1/9/2017,117.84
TREA,Other,Portfolio Diversifiers,Other,,TIAA Real Estate,1/10/2017,381.9022
QCEQIX,US Stocks,Equity - US Large Cap,Other,,CREF New Equity Index R3,1/10/2017,184.8293
QCBMIX,Taxable Bonds,Taxable - Core Bonds,Other,,CREF Bond Market R3,1/10/2017,118.5681
CBND,Taxable Bonds,Taxable - Core Bonds,Other,,CREF Bond Market,1/10/2017,117.7983
QCGLIX,Non-US Stocks,Int'l Equity - Core,Other,,CREF Global Equities R3,1/10/2017,148.1156
QCGLRX,Not Classified,Not Classified,Other,,CREF Global Equities,1/10/2017,147.1537
CEQX,US Stocks,Equity - US Large Cap,Other,,CREF Equity Index,1/10/2017,183.6278
CISYX,US Stocks,US Large Cap Blend,Open-End Fund,,Calvert US Large Cap Core Rspnb Idx Y,1/10/2017,19.14
APPLX,Balanced,Balanced,Open-End Fund,,Appleseed Investor,1/10/2017,14.25
CAAPX,US Stocks,Equity - US Mid Cap,Open-End Fund,,Ariel Appreciation Investor,2/4/2016,41.59
LSBRX,Taxable Bonds,Taxable - Non-Trad & Hi Yield,Open-End Fund,,Loomis Sayles Bond Retail,9/24/2015,13.65
CSTK,US Stocks,Equity - US Large Cap,Other,,CREF Stock,1/10/2017,400.0373
cd9KKkMr1E6uSw+aWcMHQw,Cash Equivalents,Cash & Equivalents,Cash and Cash Equivalents,,MSCASH,1/11/2017,1
TIAA,Taxable Bonds,Taxable - Core Bonds,Other,,TIAA Traditional,12/31/2016,1
QCSTPX,US Stocks,Equity - US Large Cap,Other,,CREF Stock R2,1/10/2017,401.9641
VTV,US Stocks,US Large Cap Value,Exchange-Traded Fund,,Vanguard Value ETF,1/10/2017,93.36
HEI.A,US Stocks,Equity - US Small Cap,Stock,,Heico Corp Class A,1/10/2017,68.35
HEI,US Stocks,Equity - US Small Cap,Stock,,Heico Corp,1/10/2017,78.51
CHTR,US Stocks,Equity - US Large Cap,Stock,,Charter Communications Inc A,1/9/2017,296.26
TWC,US Stocks,Equity - US Large Cap,Stock,,Time Warner Cable Inc,5/20/2016,209.56
TIME,US Stocks,Equity - US Mid Cap,Stock,,Time Inc,1/9/2017,18.5
FSSPX,US Stocks,Equity - US Small Cap,Open-End Fund,,Fidelity® Small Cap Index Investor,7/14/2016,16.35
AOL,US Stocks,US Mid Cap Growth,Stock,,AOL Inc,6/30/2015,49.99
TWX,US Stocks,Equity - US Large Cap,Stock,,Time Warner Inc,1/9/2017,93.55
F,US Stocks,Equity - US Large Cap,Stock,,Ford Motor Co,1/9/2017,12.63
FSSVX,US Stocks,Equity - US Small Cap,Open-End Fund,,Fidelity® Small Cap Index Premium,1/9/2017,18.37
LOJN,US Stocks,Equity - US Small Cap,Stock,,LoJack Corp,3/18/2016,6.44
CMMA,Cash Equivalents,Cash & Equivalents,Other,,CREF Money Market,7/31/2014,25.5337
CILB,Taxable Bonds,Taxable - Core Bonds,Other,,CREF Inflation-Linked Bond,1/10/2017,67.9595
4165X0MU1,Taxable Bonds,Taxable - Core Bonds,Fixed Income,,HARTFORD LIFE INSURANCE CO 3.50174% 11/1,11/14/2016,1
73358WAH7,Municipal Bonds,Tax Exempt - US Muni Bonds,Fixed Income,,PORT AUTH N Y & N J CONSOLIDATED BDS 05.,1/9/2017,1.20556
017357YX6,Municipal Bonds,Tax Exempt - US Muni Bonds,Fixed Income,,ALLEGHENY CNTY PA SAN AUTH SWR REV REV 0,1/9/2017,1.15108
594615GF7,Municipal Bonds,Tax Exempt - US Muni Bonds,Fixed Income,,MICHIGAN ST BLDG AUTH REV REV AND REV 05,1/9/2017,1.06951
64465PRL4,Municipal Bonds,Tax Exempt - US Muni Bonds,Fixed Income,,NEW HAMPSHIRE MUN BD BK REF BDS SER. 05.,1/9/2017,1.13709
65515RAZ4,Municipal Bonds,Tax Exempt - US Muni Bonds,Fixed Income,,NOBLESVILLE IND CNTY OPT INCOME TAX REV,1/9/2017,1.05873
MRK,US Stocks,Equity - US Large Cap,Stock,,Merck & Co Inc,1/9/2017,61.1
13063A2Q6,Municipal Bonds,Tax Exempt - US Muni Bonds,Fixed Income,,CALIFORNIA ST G O BDS SER. 2008 04.62500,1/9/2017,1.04746
401905EK6,Municipal Bonds,Tax Exempt - US Muni Bonds,Fixed Income,,GULF COAST WASTE DISP AUTH TEX REV 05.00,1/9/2017,1.14331
345370BU3,Taxable Bonds,Taxable - Core Bonds,Fixed Income,,FORD MTR CO DEL BOND 9.21500% 09/15/2021,1/10/2017,1.248801
787350BX4,Municipal Bonds,Tax Exempt - US Muni Bonds,Fixed Income,,ST AUGUSTINE FLA CAP IMPT REV REF BDS 04,1/9/2017,1.0842
41013NLJ5,Taxable Bonds,Taxable - Core Bonds,Fixed Income,,HANCOCK JOHN LIFE INS CO SIGNA 2.67707%,2/13/2015,1
914119WS7,Municipal Bonds,Tax Exempt - US Muni Bonds,Fixed Income,,UNIVERSITY CINCINNATI OHIO GEN 05.00000%,1/9/2017,1.15139
940839AL7,Municipal Bonds,Tax Exempt - US Muni Bonds,Fixed Income,,WASHOE CNTY NEV HWY REV HIGHWAY REV BDS,1/9/2017,1.0665
74432ADR8,Taxable Bonds,Taxable - Core Bonds,Fixed Income,,PRUDENTIAL FINL INC INTERNOTE 2.86361% 1,11/7/2014,0.99997
04057PGP7,Municipal Bonds,Tax Exempt - US Muni Bonds,Fixed Income,,ARIZONA SCH FACS BRD CTFS PARTN CTFS 05.,1/9/2017,1.06187
495206MJ0,Municipal Bonds,Tax Exempt - US Muni Bonds,Fixed Income,,KING CNTY WASH SCH DIST NO 410 04.25000%,1/9/2017,1.05235
646065S37,Municipal Bonds,Tax Exempt - US Muni Bonds,Fixed Income,,NEW JERSEY ST EDL FACS AUTH REV REV 05.0,1/9/2017,1.12128
61745E2Y6,Taxable Bonds,Taxable - Core Bonds,Fixed Income,,MORGAN STANLEY D W DISC SRMTNS 2.23707%,1/9/2017,0.98
717316B77,Municipal Bonds,Tax Exempt - US Muni Bonds,Fixed Income,,PHENIX CITY ALA GO WTS SER. 2011A 03.000,1/9/2017,1.03277
452024DB5,Municipal Bonds,Tax Exempt - US Muni Bonds,Fixed Income,,ILLINOIS MUN ELEC AGY PWR SUPPLY SYS 05.,1/9/2017,1.00232
43231YFR2,Municipal Bonds,Tax Exempt - US Muni Bonds,Fixed Income,,HILLSBOROUGH CNTY FLA CMNTY INVT TAX 03.,1/9/2017,1.00581
73535RCQ2,Municipal Bonds,Tax Exempt - US Muni Bonds,Fixed Income,,PORT ST LUCIE FLA SALES TAX REV SALES 05,1/9/2017,1.12754
5464168F8,Municipal Bonds,Tax Exempt - US Muni Bonds,Fixed Income,,LOUISIANA STATE GO BDS SER.D-2 05.00000%,1/9/2017,1.16971
645918VR1,Municipal Bonds,Tax Exempt - US Muni Bonds,Fixed Income,,NEW JERSEY ECONOMIC DEV AUTH REV REF BDS,1/9/2017,1.03327
406660KX7,Municipal Bonds,Tax Exempt - US Muni Bonds,Fixed Income,,HAMBURG PA AREA SCH DIST GO BDS SER. A 0,1/9/2017,1.06057
894520H73,Municipal Bonds,Tax Exempt - US Muni Bonds,Fixed Income,,TRAVIS CNTY TEX WTR CTL & IMPT DIST NO 0,1/9/2017,1.02174
696550WY4,Municipal Bonds,Tax Exempt - US Muni Bonds,Fixed Income,,PALM BEACH CNTY FLA SCH BRD CTFS PARTN 0,1/9/2017,1.08612
821532MC9,Municipal Bonds,Tax Exempt - US Muni Bonds,Fixed Income,,SHELBY CNTY ALA BRD ED CAP OUTLAY SCH 03,1/9/2017,1.05041
726286BM8,Municipal Bonds,Tax Exempt - US Muni Bonds,Fixed Income,,PLAINFIELD IND CMNTY HIGH SCH BLDG CORP,1/9/2017,1.00028
517496BY0,Municipal Bonds,Tax Exempt - US Muni Bonds,Fixed Income,,LAS CRUCES N MEX JT UTIL REV REV BDS 04.,5/31/2016,1
60534WEL8,Municipal Bonds,Tax Exempt - US Muni Bonds,Fixed Income,,MISSISSIPPI DEV BK SPL OBLIG SPL OBLIG 0,1/9/2017,1.0835
61745EVB4,Taxable Bonds,Taxable - Core Bonds,Fixed Income,,MORGAN STANLEY D W DISC SRMTNS 2.96361%,3/11/2015,0.9925
01179RKG7,Municipal Bonds,Tax Exempt - US Muni Bonds,Fixed Income,,ALASKA MUN BD BK ALASKA MUN BD BK 05.000,1/9/2017,1.16233
91412GAK1,Municipal Bonds,Tax Exempt - US Muni Bonds,Fixed Income,,UNIVERSITY CALIF REVS FOR PREVIOUS 05.53,1/9/2017,1.12198
645913BC7,Municipal Bonds,Tax Exempt - US Muni Bonds,Fixed Income,,NEW JERSEY ECONOMIC DEV AUTH ST PENSION,1/9/2017,0.7316
613035H72,Municipal Bonds,Tax Exempt - US Muni Bonds,Fixed Income,,MONTGOMERY ALA GO REF WTS SER. 2011 03.2,1/9/2017,1.03421
717813JE0,Municipal Bonds,Tax Exempt - US Muni Bonds,Fixed Income,,PHILADELPHIA PA REF GO BDS SER. 2007-A 0,1/9/2017,1.02103
74367CBP9,Taxable Bonds,Taxable - Core Bonds,Fixed Income,,PROTECTIVE LIFE SECD TRS 3.18707% 08/10/,8/8/2014,1
867914AH6,Taxable Bonds,Taxable - Core Bonds,Fixed Income,,SUNTRUST BKS INC NOTE 6.00000% 02/15/202,1/9/2017,1.13272
92817SLW6,Municipal Bonds,Tax Exempt - US Muni Bonds,Fixed Income,,VIRGINIA ST PUB SCH AUTH SCH FING BDS 04,1/9/2017,1.06549
786743LF9,Municipal Bonds,Tax Exempt - US Muni Bonds,Fixed Income,,SAGINAW MICH CITY SCH DIST SCHOOL 03.600,4/29/2016,1
4165X0NL0,Taxable Bonds,Taxable - Core Bonds,Fixed Income,,HARTFORD LIFE INSURANCE CO 3.29707% 05/1,1/9/2017,0.9988
AMAT,US Stocks,Equity - US Large Cap,Stock,,Applied Materials Inc,1/9/2017,32.78
017553AR9,Municipal Bonds,Tax Exempt - US Muni Bonds,Fixed Income,,ALLEN CNTY KY PUB PPTYS CORP REV FIRST 0,1/9/2017,1.04983
95308RFH7,Municipal Bonds,Tax Exempt - US Muni Bonds,Fixed Income,,WEST HARRIS CNTY TEX REGL WTR AUTH WTR 0,1/9/2017,1.1345
422454FK9,Taxable Bonds,Taxable - Core Bonds,Fixed Income,,HEATH TEX CTFS OF OBLIG SER. 2007 04.250,1/9/2017,1.00312
5946142J7,Municipal Bonds,Tax Exempt - US Muni Bonds,Fixed Income,,MICHIGAN ST BLDG AUTH REV REV AND REV 05,9/2/2016,1.08449
VWITX,Municipal Bonds,Tax Exempt - US Muni Bonds,Open-End Fund,,Vanguard Interm-Term Tx-Ex Inv,1/9/2017,13.96
FNJXX,Cash Equivalents,Cash & Equivalents,Money Market Fund,,Fidelity NJ Municipal Money Market,1/11/2017,1
UTX,US Stocks,US Large Cap Value,Stock,,United Technologies Corp,1/2/2013,84
WFM,US Stocks,Equity - US Mid Cap,Stock,,Whole Foods Market Inc,8/15/2016,31.13
WFC,US Stocks,US Large Cap Value,Stock,,Wells Fargo & Co,1/10/2017,54.62
BAC,US Stocks,Equity - US Large Cap,Stock,,Bank of America Corporation,1/10/2017,22.94
ORCL,US Stocks,US Large Cap Blend,Stock,,Oracle Corp,1/10/2017,38.66
UAA,US Stocks,Equity - US Large Cap,Stock,,Under Armour Inc A,1/9/2017,30.47
VZ,US Stocks,Equity - US Large Cap,Stock,,Verizon Communications Inc,1/9/2017,52.68
FTCOX,US Stocks,Equity - US Large Cap,Open-End Fund,,Franklin Corefolio Allocation A,9/3/2013,15.67
FLVIX,US Stocks,Equity - US Mid Cap,Open-End Fund,,Fidelity Advisor® Leveraged Co StkI,12/9/2014,56.22
ITHIX,US Stocks,US Large Cap Blend,Open-End Fund,,Hartford Capital Appreciation I,9/3/2013,42.49
FRSTX,Taxable Bonds,Taxable - Non-Trad & Hi Yield,Open-End Fund,,Franklin Strategic Income A,8/13/2013,10.47
AMEFX,Taxable Bonds,Taxable - Core Bonds,Open-End Fund,,American Funds Income Fund of Amer F2,9/3/2013,19.21
TCWAX,Non-US Stocks,Int'l Equity - Emg Mks,Open-End Fund,,Templeton China World A,9/3/2013,36.71
ABIYX,Non-US Stocks,Non-US Dev Stock,Open-End Fund,,AB International Value Advisor,8/13/2013,13.08
FSTMX,US Stocks,US Large Cap Blend,Open-End Fund,,Fidelity® Total Market Index Investor,4/26/2016,60.05
35251D103,US Stocks,Equity - US Large Cap,Open-End Fund,,Franklin Flex Cap Growth A,9/3/2013,55.44
EILVX,US Stocks,Equity - US Large Cap,Open-End Fund,,Eaton Vance Large-Cap Value I,9/3/2013,22.32
ALSRX,US Stocks,Equity - US Small Cap,Open-End Fund,,Alger Small Cap Growth Institutional I,9/5/2013,32.01
FFALX,US Stocks,Equity - US Large Cap,Open-End Fund,,Franklin Founding Funds Allocation A,9/3/2013,12.35
DODFX,Non-US Stocks,Int'l Equity - Core,Open-End Fund,,Dodge & Cox International Stock,10/7/2015,39.4
IGLIX,Other,Portfolio Diversifiers,Open-End Fund,,Voya Global Real Estate I,9/3/2013,17.45
ESPAX,US Stocks,Equity - US Small Cap,Open-End Fund,,Wells Fargo Special Small Cap Value A,9/5/2013,28.77
PTLAX,Taxable Bonds,Taxable - Core Bonds,Open-End Fund,,PIMCO Low Duration A,1/9/2017,9.85
ACSTX,US Stocks,Equity - US Large Cap,Open-End Fund,,Invesco Comstock A,9/3/2014,25.8
KAUAX,US Stocks,Equity - US Mid Cap,Open-End Fund,,Federated Kaufmann A,9/5/2013,6.19
TEMFX,Non-US Stocks,Int'l Equity - Value,Open-End Fund,,Templeton Foreign A,12/9/2014,7.5
ITHAX,US Stocks,US Large Cap Blend,Open-End Fund,,Hartford Capital Appreciation A,9/3/2013,42.43
OPPAX,Non-US Stocks,Int'l Equity - Core,Open-End Fund,,Oppenheimer Global A,12/1/2016,74.47
AGTHX,US Stocks,Equity - US Large Cap,Open-End Fund,,American Funds New Name,1/9/2017,43.03
DVEAX,US Stocks,Equity - US Large Cap,Open-End Fund,,Delaware Select Growth A,9/3/2013,47.09
DVEBX,US Stocks,Equity - US Large Cap,Open-End Fund,,Delaware Select Growth B,8/13/2013,41.32
ODMAX,Non-US Stocks,Int'l Equity - Emg Mks,Open-End Fund,,Oppenheimer Developing Markets A,1/9/2017,33.03
FFACX,US Stocks,Equity - US Large Cap,Open-End Fund,,Franklin Founding Funds Allocation C,8/13/2013,12.44
CABDX,US Stocks,Equity - US Large Cap,Open-End Fund,,AB Relative Value A,9/5/2013,4.83
CWBFX,Taxable Bonds,Taxable - International Bonds,Open-End Fund,,American Funds Capital World Bond A,4/26/2016,19.84
QIVAX,Non-US Stocks,Int'l Equity - Value,Open-End Fund,,Oppenheimer International Equity A,9/4/2013,17.82
DPDFX,Taxable Bonds,Taxable - Core Bonds,Open-End Fund,,Delaware Diversified Income A,9/3/2013,8.76
DFQTX,US Stocks,Equity - US Mid Cap,Open-End Fund,,DFA US Core Equity 2 I,1/10/2017,18.83
MAXFDRX97,Not Classified,Not Classified,Open-End Fund,,MA MONEY MARKET,7/27/2015,10.87
AMECX,Balanced,Balanced Allocation,Open-End Fund,,American Funds Income Fund of Amer A,4/23/2014,21.18
ABNDX,Taxable Bonds,Taxable - Core Bonds,Open-End Fund,,American Funds Bond Fund of Amer A,4/15/2014,12.66
AFAXX,Cash Equivalents,Cash & Equivalents,Money Market Fund,,American Funds US Government MMkt A,1/11/2017,1
AMCPX,US Stocks,US Large Cap Growth,Open-End Fund,,American Funds AMCAP A,3/6/2012,20.39
ABALX,Balanced,Balanced,Open-End Fund,,American Funds American Balanced A,9/24/2015,23.57
DGEIX,Non-US Stocks,Non-US Dev Stock,Open-End Fund,,DFA Global Equity I,4/6/2015,19.12
MSFT,US Stocks,Equity - US Large Cap,Stock,,Microsoft Corp,1/9/2017,62.64
DIS,US Stocks,US Large Cap Growth,Stock,,Walt Disney Co,1/9/2017,108.36
DXJ,Non-US Stocks,Int'l Equity - Core,Exchange-Traded Fund,,WisdomTree Japan Hedged Equity ETF,1/9/2017,50.78
EWJ,Non-US Stocks,Int'l Equity - Core,Exchange-Traded Fund,,iShares MSCI Japan,2/3/2016,11.17
VNQI,Other,Portfolio Diversifiers,Exchange-Traded Fund,,Vanguard Global ex-US Real Estate ETF,1/10/2017,51.08
FXI,Non-US Stocks,Int'l Equity - Emg Mks,Exchange-Traded Fund,,iShares China Large-Cap,1/6/2016,33.22
COMT,Other,Portfolio Diversifiers,Exchange-Traded Fund,,iShares Commodities Select Strategy,1/6/2016,27.38
LEMB,Taxable Bonds,Taxable - International Bonds,Exchange-Traded Fund,,iShares Emerg Mkts Local Currency Bond,12/28/2015,40.5
EWH,Non-US Stocks,Int'l Equity - Core,Exchange-Traded Fund,,iShares MSCI Hong Kong,2/3/2016,17.48
TLT,Taxable Bonds,Taxable - Core Bonds,Exchange-Traded Fund,,iShares 20+ Year Treasury Bond,1/6/2016,122.59
LQD,Taxable Bonds,Taxable - Core Bonds,Exchange-Traded Fund,,iShares iBoxx $ Invst Grade Crp Bond,1/10/2017,117.85
QQQ,US Stocks,Equity - US Large Cap,Exchange-Traded Fund,,PowerShares QQQ ETF,1/10/2017,122.6
BBRC,Non-US Stocks,Int'l Equity - Emg Mks,Exchange-Traded Fund,,Columbia Beyond BRICs ETF,12/28/2015,15.37
VCIT,Taxable Bonds,Taxable - Core Bonds,Exchange-Traded Fund,,Vanguard Intermediate-Term Corp Bd ETF,1/10/2017,86.08
SCPB,Taxable Bonds,Taxable - Core Bonds,Exchange-Traded Fund,,SPDR® Blmbg Barclays ST Corp Bd ETF,1/10/2017,30.53
IAU,Other,Portfolio Diversifiers,Exchange-Traded Fund,,iShares Gold Trust,1/6/2016,10.57
IEF,Taxable Bonds,Taxable - Core Bonds,Exchange-Traded Fund,,iShares 7-10 Year Treasury Bond,1/9/2017,105.49
IWM,US Stocks,Equity - US Small Cap,Exchange-Traded Fund,,iShares Russell 2000,1/10/2017,136.09
EWG,Non-US Stocks,Int'l Equity - Core,Exchange-Traded Fund,,iShares MSCI Germany,1/7/2016,24.53
EMFM,Non-US Stocks,Int'l Equity - Emg Mks,Exchange-Traded Fund,,Global X Next Emerging & Frontier ETF,1/6/2016,16.72
BND,Taxable Bonds,Taxable - Core Bonds,Exchange-Traded Fund,,Vanguard Total Bond Market ETF,1/10/2017,81.13
HEWG,Non-US Stocks,Int'l Equity - Core,Exchange-Traded Fund,,iShares Currency Hedged MSCI Germany,2/3/2016,22.04
SREIX,Other,Portfolio Diversifiers,Open-End Fund,,STONE RIDGE REINSRNCE RSK PREM I,12/5/2016,9.89
DFEOX,US Stocks,Equity - US Large Cap,Open-End Fund,,DFA US Core Equity 1 I,1/10/2017,19.52
SHRIX,Taxable Bonds,Taxable - US High Yield Bonds,Open-End Fund,,STONE RIDGE HIGH YLD REINSRNCE RSK PREM,1/10/2017,9.98
MAX202745,Not Classified,Not Classified,Open-End Fund,,MA PORTFOLIO 2027 (FIDELITY INDEX),1/9/2017,14.91
FFTHX,Balanced,Balanced,Open-End Fund,,Fidelity Freedom® 2035,1/9/2017,13.25
FFFEX,Balanced,Balanced,Open-End Fund,,Fidelity Freedom® 2030,1/9/2017,16.03
QCSCRX,Not Classified,Not Classified,Other,,CREF Social Choice R1,1/10/2017,207.8655
QCGRRX,Not Classified,Not Classified,Other,,CREF Growth R1,1/10/2017,143.893
FFTWX,Balanced,Balanced,Open-End Fund,,Fidelity Freedom® 2025,1/9/2017,13.02
STIP,Taxable Bonds,US Infl Protected Bonds,Exchange-Traded Fund,,iShares 0-5 Year TIPS Bond,5/29/2013,101.84
VFIDX,Taxable Bonds,Taxable - Core Bonds,Open-End Fund,,Vanguard Interm-Term Investment-Grde Adm,8/11/2014,9.94
FPEMX,Non-US Stocks,Int'l Equity - Emg Mks,Open-End Fund,,Fidelity® Emerging Markets Idx Inv,1/9/2017,8.67
DAL,US Stocks,Equity - US Large Cap,Stock,,Delta Air Lines Inc,1/9/2017,49.69
NEWFX,Non-US Stocks,Int'l Equity - Emg Mks,Open-End Fund,,American Funds New World A,5/10/2016,50.14
INTU,US Stocks,Equity - US Large Cap,Stock,,Intuit Inc,4/29/2014,75.4
NYVTX,US Stocks,Equity - US Large Cap,Open-End Fund,,Davis NY Venture A,1/9/2017,31.03
IBM,US Stocks,Equity - US Large Cap,Stock,,International Business Machines Corp,1/9/2017,167.65
BMY,US Stocks,Equity - US Large Cap,Stock,,Bristol-Myers Squibb Company,8/23/2012,32.15
AAPL,US Stocks,Equity - US Large Cap,Stock,,Apple Inc,1/9/2017,118.99
FURX,US Stocks,Equity - US Small Cap,Stock,,Furiex Pharmaceuticals Inc,7/3/2014,104.75
361CVR996,Non-US Stocks,Non-US Emrg Stock,Stock,,FURIEX PHARMACEUTICALS CONTRA,1/10/2017,0
PPDI,US Stocks,US Mid Cap Blend,Stock,,Pharmaceutical Product Development Inc,12/5/2011,33.24
FINPX,Taxable Bonds,Taxable - Core Bonds,Open-End Fund,,Fidelity® Inflation-Protected Bond,8/9/2016,12.36
ISHG,Taxable Bonds,Taxable - International Bonds,Exchange-Traded Fund,,iShares 1-3 Year International Trs Bd,12/8/2014,85.48
BWZ,Taxable Bonds,Taxable - International Bonds,Exchange-Traded Fund,,SPDR® Blmbg Barclays ST Intrn TrsBd ETF,1/16/2015,31.81
LCORX,Other,Other,Open-End Fund,,Leuthold Core Investment Retail,4/28/2011,18.39
BSJE,Taxable Bonds,Taxable - Non-Trad & Hi Yield,Exchange-Traded Fund,,Guggenheim BulletShrs 2014 HY CorpBd ETF,12/30/2014,26.24
18383M423,Taxable Bonds,Taxable - Non-Trad & Hi Yield,Exchange-Traded Fund,,Guggenheim BulletShrs 2015 HY CorpBd ETF,12/28/2015,25.725
SWSXX,Cash Equivalents,Cash & Equivalents,Money Market Fund,,Schwab Cash Reserves™,1/11/2017,1
DFIVX,Non-US Stocks,Int'l Equity - Core,Open-End Fund,,DFA International Value I,1/9/2017,17.13
DEMSX,Non-US Stocks,Int'l Equity - Emg Mks,Open-End Fund,,DFA Emerging Markets Small Cap I,1/9/2017,18.85
USCI,Other,Other,Exchange-Traded Fund,,United States Commodity Index,6/25/2014,61.03
LEXVF,Non-US Stocks,Int'l Equity - Stocks,Stock,,Lexam VG Gold Inc,1/9/2017,0.181632
HSY,US Stocks,US Large Cap Blend,Stock,,The Hershey Co,1/9/2017,103.89
JETIX,Non-US Stocks,Non-US Dev Stock,Open-End Fund,,Aberdeen Select International Eq II I,8/16/2012,10.22
PEO,US Stocks,Specialty/Sector,Closed-End Fund,,Adams Natural Resources Fund,1/9/2017,20.39
604675991,Non-US Stocks,Non-US Emrg Stock,Stock,,MIRANT CORP COM ESC CASH PAYMENT OF $0.1,1/10/2017,14.25
WHR,US Stocks,Equity - US Mid Cap,Stock,,Whirlpool Corp,3/21/2016,177.46
CAIBX,Balanced,Balanced,Open-End Fund,,American Funds Capital Income Bldr A,3/1/2012,51.56
CWGIX,Non-US Stocks,Int'l Equity - Core,Open-End Fund,,American Funds Capital World Gr&Inc A,1/9/2017,44.62
AMUSX,Taxable Bonds,US Txbl Int Term Bonds,Open-End Fund,,American Funds US Government Sec A,6/7/2011,14.14
ANCFX,US Stocks,Equity - US Large Cap,Open-End Fund,,American Funds Fundamental Invs A,1/9/2017,55.16
AFTEX,Municipal Bonds,Tax Exempt - US Muni Bonds,Open-End Fund,,American Funds Tax-Exempt Bond A,4/24/2014,12.81
MMT,Taxable Bonds,Taxable - Non-Trad & Hi Yield,Closed-End Fund,,MFS Multi-Market Income,1/11/2017,6.09
61760QBQ6,Taxable Bonds,Taxable - Core Bonds,Fixed Income,,MORGAN STANLEY FR 4.66434% 07/01/2022,1/9/2017,0.9975
546850BV9,Municipal Bonds,Tax Exempt - US Muni Bonds,Fixed Income,,LOUISVILLE KY REGL ARPT AUTH ARPT SYS 02,1/9/2017,1.02153
384712EC5,Municipal Bonds,Tax Exempt - US Muni Bonds,Fixed Income,,GRAHAM TEX CTFS OF OBLIG SER. 2013 A 04.,1/9/2017,1.1032
04621WAC4,Municipal Bonds,Tax Exempt - US Muni Bonds,Fixed Income,,ASSURED GTY US HLDGS INC 5.00000% 07/01/,1/9/2017,1.06235
413890DN1,Municipal Bonds,Tax Exempt - US Muni Bonds,Fixed Income,,HARRIS CNTY-HOUSTON SPORTS AUTH TEX REV,1/9/2017,1.00433
25476FLA4,Municipal Bonds,Tax Exempt - US Muni Bonds,Fixed Income,,DISTRICT COLUMBIA GO BDS SER. 2010A 05.9,1/9/2017,1.18228
759891AA2,Taxable Bonds,Taxable - Core Bonds,Fixed Income,,RENRE NORTH AMERICA HLDG 05.75000% 03/15,1/9/2017,1.07619
96647KAF9,Taxable Bonds,Taxable - Core Bonds,Fixed Income,,WHITMAN CORP NT 7.29000% 09/15/2026,1/9/2017,1.32167
78011RBM4,Taxable Bonds,Taxable - Core Bonds,Fixed Income,,ROYAL BK OF SCOTLAND PLC 5.00000% 04/15/,1/9/2017,1.027755
249218AS7,Municipal Bonds,Tax Exempt - US Muni Bonds,Fixed Income,,DENVER COLO PUB SCHS CTFS PARTN REF COPS,1/9/2017,0.99805
JSVAX,US Stocks,US Mid Cap Blend,Open-End Fund,,Janus Contrarian T,7/21/2011,14.06
ULTA,US Stocks,Equity - US Mid Cap,Stock,,Ulta Salon Cosmetics & Fragrance Inc,1/9/2017,260.79
FDGRX,US Stocks,Equity - US Large Cap,Open-End Fund,,Fidelity® Growth Company,12/5/2016,142.84
FPURX,Balanced,Balanced,Open-End Fund,,Fidelity® Puritan®,1/10/2017,20.93
FSCSX,US Stocks,Specialty/Sector,Open-End Fund,,Fidelity® Select Software & IT Svcs Port,6/27/2011,84.07
VBMFX,Taxable Bonds,US Txbl Int Term Bonds,Open-End Fund,,Vanguard Total Bond Market Index Inv,12/1/2011,10.95
FECAX,Non-US Stocks,Non-US Dev Stock,Open-End Fund,,Fidelity® Europe Capital Appreciation,7/19/2011,19.21
FMCSX,US Stocks,US Mid Cap Growth,Open-End Fund,,Fidelity® Mid-Cap Stock,7/13/2011,29.26
BPTRX,US Stocks,US Mid Cap Growth,Open-End Fund,,Baron Partners Retail,6/27/2011,20.92
VWNFX,US Stocks,Equity - US Large Cap,Open-End Fund,,Vanguard Windsor™ II Inv,1/9/2017,35.53
VMRGX,US Stocks,US Large Cap Growth,Open-End Fund,,Vanguard Morgan™ Growth Inv,6/27/2011,18.54
VTSMX,US Stocks,Equity - US Large Cap,Open-End Fund,,Vanguard Total Stock Mkt Idx Inv,1/9/2017,56.81
VEXPX,US Stocks,US Small Cap Growth,Open-End Fund,,Vanguard Explorer Inv,12/1/2011,71.72
DPPAX,US Stocks,US Large Cap Growth,Open-End Fund,,Dreyfus Research Core A,12/2/2011,24.97
COV,Non-US Stocks,Int'l Equity - Stocks,Stock,,Covidien PLC,1/23/2015,108.07
CSCO,US Stocks,Equity - US Large Cap,Stock,,Cisco Systems Inc,11/30/2016,29.82
MNK,US Stocks,Equity - US Mid Cap,Stock,,Mallinckrodt PLC,1/21/2016,63.66
PFE,US Stocks,Equity - US Large Cap,Stock,,Pfizer Inc,3/27/2015,34.53
EMC,US Stocks,Equity - US Large Cap,Stock,,EMC Corp,3/31/2015,25.56
PNR,Non-US Stocks,Int'l Equity - Core,Stock,,Pentair PLC,3/27/2015,62.39
MDT,US Stocks,Equity - US Large Cap,Stock,,Medtronic PLC,2/25/2015,78.63
TYC,Non-US Stocks,Int'l Equity - Stocks,Stock,,Tyco International PLC,3/27/2015,42.79
TEL,Non-US Stocks,Int'l Equity - Stocks,Stock,,TE Connectivity Ltd,1/21/2016,57.32
ADT,US Stocks,Equity - US Mid Cap,Stock,,The ADT Corp,3/31/2015,41.52
NOK,Non-US Stocks,Int'l Equity - Stocks,Stock,,Nokia Oyj ADR,3/27/2015,7.7
577081AY8,Taxable Bonds,Taxable - Core Bonds,Fixed Income,,MATTEL INC NOTE CALL MAKE WHOLE 3.15000%,1/9/2017,0.9889
13063BJA1,Taxable Bonds,Taxable - Core Bonds,Fixed Income,,CALIFORNIA ST GO BDS 05.70000% 11/01/202,1/9/2017,1.1458
075896AA8,Taxable Bonds,Taxable - Core Bonds,Fixed Income,,BED BATH &BEYOND INC NOTE CALL MAKE WHOL,1/9/2017,0.99024
695114BK3,Taxable Bonds,Taxable - Core Bonds,Fixed Income,,PACIFICORP SECD MTN MBIA 6.75000% 10/26/,1/9/2017,1.17545
GIFIX,Taxable Bonds,Taxable - Core Bonds,Open-End Fund,,Guggenheim Floating Rate Strats Instl,1/9/2017,26.1
372546AQ4,Taxable Bonds,Taxable - Core Bonds,Fixed Income,,GEORGE WASHINGTON UNIVERSITY BOND 3.4850,1/9/2017,1.03487
31200CAH9,Taxable Bonds,Taxable - Core Bonds,Fixed Income,,Fau Fin Corp Fla Cap Impt Rev Cap 6.049% 2019-07-01,1/9/2017,1.08349
DFLVX,US Stocks,Equity - US Large Cap,Open-End Fund,,DFA US Large Cap Value I,1/9/2017,35.31
ASFYX,Other,Portfolio Diversifiers,Open-End Fund,,Natixis ASG Managed Futures Strategy Y,1/9/2017,9.89
36161TWT8,Taxable Bonds,Taxable - Core Bonds,CD,,GOLDMAN SACHS BK USA CD FOA GE CAPITAL B,1/9/2017,1.03737
38141E5G0,Taxable Bonds,Taxable - Core Bonds,Fixed Income,,GOLDMAN SACHS GRP INC MTN BE 4.65000% 11,1/9/2017,1.05365
00206RDC3,Taxable Bonds,Taxable - Core Bonds,Fixed Income,,AT&T INC NOTE CALL MAKE WHOLE 4.45000% 0,1/9/2017,1.0478
80483BBP7,Municipal Bonds,Tax Exempt - US Muni Bonds,Fixed Income,,SAVANNAH GA ECONOMIC DEV AUTH POLLUTN CT,1/9/2017,0.97837
760719AS3,Municipal Bonds,Tax Exempt - US Muni Bonds,Fixed Income,,REPUBLIC N Y CORP BOND 9.30000% 06/01/20,1/9/2017,1.23522
655664AP5,Taxable Bonds,Taxable - Core Bonds,Fixed Income,,NORDSTROM INC NOTE CALL MAKE WHOLE 4.000,1/9/2017,1.03841
76009XAA6,Taxable Bonds,Taxable - Core Bonds,Fixed Income,,RENSSELAER POLYTECHNIC INST 5.60000% 09/,1/9/2017,1.09277
78012KHG5,Municipal Bonds,Tax Exempt - US Muni Bonds,Fixed Income,,ROYAL BK CDA MTN 2.50000% 12/24/2025,1/9/2017,0.950349
25477GCX1,Municipal Bonds,Tax Exempt - US Muni Bonds,Fixed Income,,DISTRICT COLUMBIA INCOME TAX REV 04.8930,1/9/2017,1.12715
KKR,US Stocks,Equity - US Large Cap Value,Stock,,KKR & Co LP,4/23/2015,23.54
DVY,US Stocks,Equity - US Mid Cap,Exchange-Traded Fund,,iShares Select Dividend,1/9/2017,88.52
98385XAL0,Taxable Bonds,Taxable - Core Bonds,Fixed Income,,XTO ENERGY INC SR NT 6.25000% 08/01/2017,1/9/2017,1.02819
SEA,Other,Other,Exchange-Traded Fund,,Guggenheim Shipping ETF,3/23/2015,19.59
IGI,Taxable Bonds,Taxable - Core Bonds,Closed-End Fund,,Western Asset IG Defined Opp,1/9/2017,20.6389
GMLPX,Other,Other,Open-End Fund,,Goldman Sachs MLP Energy Infras Instl,3/19/2015,11.04
12189TBA1,Taxable Bonds,Taxable - Core Bonds,Fixed Income,,BURLINGTON NORTH S F NOTE 05.75000% 03/1,1/9/2017,1.0506
BX,US Stocks,Equity - US Large Cap,Stock,,Blackstone Group LP,1/9/2017,30.47
PEQYX,Non-US Stocks,Int'l Equity - Core,Open-End Fund,,Putnam Global Equity Y,4/30/2015,13.97
AGG,Taxable Bonds,Taxable - Core Bonds,Exchange-Traded Fund,,iShares Core US Aggregate Bond,4/18/2016,110.94
SDY,US Stocks,Equity - US Large Cap,Exchange-Traded Fund,,SPDR® S&P Dividend ETF,4/20/2016,81.29
XLK,Other,Other,Exchange-Traded Fund,,Technology Select Sector SPDR® ETF,3/23/2015,42.54
NCOIX,Taxable Bonds,Taxable - Non-Trad & Hi Yield,Open-End Fund,,Nuveen Symphony Credit Opportunities I,3/19/2015,21.49
30285M534,US Stocks,Equity - US Large Cap Value,Unit Investment Trust,,FT Sabrient Baker's Dozen 2015 F RE,2/23/2016,8.52
GILD,US Stocks,Equity - US Large Cap,Stock,,Gilead Sciences Inc,6/21/2016,81.79
PVSYX,US Stocks,Equity - US Mid Cap,Open-End Fund,,Putnam Capital Spectrum Y,3/19/2015,39.26
GOOG,US Stocks,Equity - US Large Cap,Stock,,Alphabet Inc C,1/9/2017,806.65
540424AN8,Taxable Bonds,Taxable - Core Bonds,Fixed Income,,LOEWS CORP SR NT 5.250% 03/15/2016 MAKE,3/14/2016,1
BKK,Municipal Bonds,US Tax-Exempt Bonds,Closed-End Fund,,BlackRock Municipal 2020,7/26/2016,16.16
46613SBH2,Taxable Bonds,Fixed Income-Other,Fixed Income,,JEA FLA ELEC SYS REV REV BDS 05.00000% 1,1/9/2017,1.16786
527826FS5,Taxable Bonds,Fixed Income-Other,Fixed Income,,LEWIS CNTY WASH LTD TAX GO REF BDS SER.,1/9/2017,1.04984
720653KY9,Taxable Bonds,Fixed Income-Other,Fixed Income,,PIERCE CNTY WASH SWR REV SWR REV BDS SER,1/9/2017,1.14785
01728VMF4,Taxable Bonds,Fixed Income-Other,Fixed Income,,ALLEGHENY CNTY PA GO BDS SER. C-67 05.00,1/9/2017,1.13327
MHI,Taxable Bonds,US High Yield Bonds,Closed-End Fund,,Pioneer Municipal High Income,7/26/2016,14.18
49151FNG1,Taxable Bonds,Fixed Income-Other,Fixed Income,,KENTUCKY ST PPTY & BLDGS COMMN REVS REV,1/9/2017,1.15141
646039KH9,Taxable Bonds,Fixed Income-Other,Fixed Income,,NEW JERSEY ST REF GO BDS SERIES L 05.250,1/9/2017,1.08142
84055QER7,Taxable Bonds,Fixed Income-Other,Fixed Income,,SOUTH TEXAS CMNTY COLLEGE DIST TEX LTD 0,1/9/2017,1.16624
EIRL,Non-US Stocks,Non-US Emrg Stock,Exchange-Traded Fund,,iShares MSCI Ireland Capped,1/9/2017,37.98
GOOGL,US Stocks,US Large Cap Growth,Stock,,Alphabet Inc A,4/15/2013,781.93
ARBFX,Other,Taxable - Fxd Inc Alternatives,Open-End Fund,,Arbitrage R,12/9/2013,12.62
FSLR,US Stocks,Equity - US Mid Cap,Stock,,First Solar Inc,1/9/2017,33.57
TSLA,US Stocks,Equity - US Large Cap,Stock,,Tesla Motors Inc,1/9/2017,231.28
V,US Stocks,Equity - US Large Cap,Stock,,Visa Inc Class A,1/9/2017,81.75
GS,US Stocks,Equity - US Large Cap,Stock,,Goldman Sachs Group Inc,1/9/2017,242.89
HD,US Stocks,Equity - US Large Cap,Stock,,The Home Depot Inc,1/9/2017,134.31
EQR,Other,Portfolio Diversifiers,Stock,,Equity Residential,1/9/2017,64.47
UPS,US Stocks,Equity - US Large Cap,Stock,,United Parcel Service Inc Class B,1/9/2017,114.77
QCOM,US Stocks,Equity - US Large Cap,Stock,,Qualcomm Inc,1/9/2017,65.65
AET,US Stocks,Equity - US Large Cap,Stock,,Aetna Inc,12/15/2016,125.42
NFLX,US Stocks,Equity - US Large Cap,Stock,,Netflix Inc,1/9/2017,130.95
UA,US Stocks,Equity - US Large Cap,Stock,,Under Armour Inc C,1/9/2017,27.02
LLY,US Stocks,Equity - US Large Cap,Stock,,Eli Lilly and Co,1/9/2017,76.27
PYPL,US Stocks,Equity - US Large Cap,Stock,,PayPal Holdings Inc,1/9/2017,41.4
ABC,US Stocks,Equity - US Mid Cap,Stock,,AmerisourceBergen Corp,1/9/2017,85.48
CBG,US Stocks,Equity - US Mid Cap,Stock,,CBRE Group Inc,1/9/2017,31.13
85339RLC5,Cash Equivalents,Cash & Equivalents,CD,,STANDARD FED BK NA TROY MI 3.35,7/26/2011,0.9953
437076AP7,Taxable Bonds,Taxable - Core Bonds,Fixed Income,,HOME DEPOT INC SR NT 5.40,5/23/2013,1.12851
FNMAJ,Not Classified,Not Classified,Stock,,Fannie Mae Pref Share,6/27/2012,1.36
784MMI9S1,Not Classified,Not Classified,Fixed Income,,784MMI9S1,1/10/2017,1
6496682P4,Taxable Bonds,Fixed Income-Other,Fixed Income,,NEW YORK N Y G.O. BDS SER. 1987 C 07.00,1/31/2012,1
812404507,Taxable Bonds,Taxable - Core Bonds,Preferred Stock,,SEARS ROEBUCK AC 7.4%PFD DUE 02/01/43,1/10/2017,9.32
FASMX,Balanced,Balanced,Open-End Fund,,Fidelity Asset Manager® 50%,11/6/2013,18.13
FXSIX,US Stocks,US Large Cap Blend,Open-End Fund,,Fidelity® 500 Index Institutional,1/10/2017,1
AIVSX,US Stocks,Equity - US Large Cap,Open-End Fund,,American Funds Invmt Co of Amer A,8/7/2014,38.36
AHITX,Taxable Bonds,Taxable - Non-Trad & Hi Yield,Open-End Fund,,American Funds American High-Inc A,4/15/2014,11.46
ANWPX,Non-US Stocks,Int'l Equity - Core,Open-End Fund,,American Funds New Perspective A,8/7/2014,37.55
LAALX,Balanced,Balanced,Open-End Fund,,Leuthold Asset Allocation Retail,6/17/2011,10.59
GEN,US Stocks,Equity - US Small Cap,Stock,,GenOn Energy Inc,12/13/2012,2.75
IDARQ,Not Classified,Not Classified,Stock,,SuperMedia Inc,1/10/2017,1
IBDRY,Non-US Stocks,Non-US Dev Stock,Stock,,Iberdrola SA ADR,1/14/2013,21.813
FRCMQ,Not Classified,Not Classified,Stock,,FairPoint Communications Inc,1/24/2011,0.0045
LNKD,US Stocks,Equity - US Large Cap,Stock,,LinkedIn Corp Class A,3/2/2016,119.6
5946107F8,Municipal Bonds,Tax Exempt - US Muni Bonds,Fixed Income,,MICHIGAN ST GO ENV PRGRM REF BDS SER. 03,1/9/2017,1.04712
798059EJ6,Municipal Bonds,Tax Exempt - US Muni Bonds,Fixed Income,,SAN JACINTO TEX RIV AUTH WTR REV REV BDS,1/9/2017,1.02184
646039TA5,Municipal Bonds,Tax Exempt - US Muni Bonds,Fixed Income,,NEW JERSEY ST GO REF BDS SERIES Q 05.000,1/9/2017,1.10602
CVX,US Stocks,Equity - US Large Cap,Stock,,Chevron Corp,2/11/2016,82.99
187125DL0,Municipal Bonds,Tax Exempt - US Muni Bonds,Fixed Income,,CLIFTON PARK N Y WTR AUTH WTR SYS REV 04,1/9/2017,1.0694
650451QL4,Municipal Bonds,Tax Exempt - US Muni Bonds,Fixed Income,,NEWARK OHIO STORM SWR IMPT BDS SER. 03.1,1/9/2017,1.01806
TWTR,US Stocks,Equity - US Mid Cap,Stock,,Twitter Inc,3/2/2016,18.54
207489FY6,Municipal Bonds,Tax Exempt - US Muni Bonds,Fixed Income,,CONNEAUT OHIO AREA CITY SCH DIST 03.2500,1/9/2017,1.01408
NLY,Other,Portfolio Diversifiers,Stock,,Annaly Capital Management Inc,4/25/2016,10.38
833105EG0,Municipal Bonds,Tax Exempt - US Muni Bonds,Fixed Income,,SNOHOMISH CNTY WASH PUB UTIL DIST NO 001,1/9/2017,1.05934
61760LEP6,Municipal Bonds,Tax Exempt - US Muni Bonds,Fixed Income,,MORGAN STANLEY FR 4.10000% 08/15/2023,1/9/2017,0.97899
BABA,Non-US Stocks,Non-US Dev Stock,Stock,,Alibaba Group Holding Ltd ADR,4/20/2016,81.21
295407L57,Municipal Bonds,Tax Exempt - US Muni Bonds,Fixed Income,,ERIE PA GO BDS SER. 2011 04.90000% 11/15,1/9/2017,1.09315
SCTY,US Stocks,Equity - US Mid Cap,Stock,,SolarCity Corp,3/2/2016,19.46
EDD,Taxable Bonds,Taxable - Core Bonds,Closed-End Fund,,MS Emerging Markets Domestic,1/9/2017,7.31
FTBFX,Taxable Bonds,Taxable - Core Bonds,Open-End Fund,,Fidelity® Total Bond,9/17/2013,10.47
TAGRX,US Stocks,Equity - US Large Cap,Open-End Fund,,JHancock Fundamental Large Cap Core A,1/9/2017,45.07
MDISX,US Stocks,Equity - US Large Cap Value,Open-End Fund,,Franklin Mutual Global Discovery Z,2/26/2015,34.66
VIPSX,Taxable Bonds,Taxable - Core Bonds,Open-End Fund,,Vanguard Inflation-Protected Secs Inv,5/23/2012,14.61
FPMAX,Non-US Stocks,Non-US Emrg Stock,Open-End Fund,,Fidelity® Emerging Markets Idx Premium,1/9/2017,8.67
912828UH1,Taxable Bonds,Taxable - Core Bonds,Treasury Inflation-Protected,,UST INFL IDX 0.125%01/23 INFL INDEX  DUE 01/15/23,8/16/2016,1.047193
AMJ,Other,Portfolio Diversifiers,Exchange-Traded Fund,,JPMorgan Alerian MLP ETN,12/10/2014,44.28
34074GDH4,Taxable Bonds,Taxable - Core Bonds,Fixed Income,,FLA HURRICANE C 2.995%20 AUTH        DUE 07/01/20,1/10/2017,1.02849
70917RB46,Taxable Bonds,Taxable - Core Bonds,Fixed Income,,PENNSYLVANIA ST HIGHER EDL FACS AUTH 05.,1/10/2017,1.15084
FAGIX,Taxable Bonds,Taxable - US High Yield Bonds,Open-End Fund,,Fidelity® Capital & Income,4/28/2014,10.03
296804MJ3,Taxable Bonds,Taxable - Core Bonds,Fixed Income,,COUNTY OF ESSEX  6.15%25 GO UTX      DUE 08/01/25,1/10/2017,1.09038
GLRBX,Balanced,Balanced Allocation,Open-End Fund,,James Balanced: Golden Rainbow R,4/28/2014,24.53
PSK,Other,Portfolio Diversifiers,Exchange-Traded Fund,,SPDR® Wells Fargo Preferred Stock ETF,1/5/2017,42.88
7867024D9,Taxable Bonds,Taxable - Core Bonds,Fixed Income,,SAGINAW CNTY MI  5.07%28 GO LTX      DUE 05/01/28,1/10/2017,1.12178
VHT,US Stocks,Equity - US Large Cap,Exchange-Traded Fund,,Vanguard Health Care ETF,1/10/2017,132.01
FVD,US Stocks,Equity - US Large Cap,Exchange-Traded Fund,,First Trust Value Line® Dividend ETF,1/10/2017,28.05
JATTX,US Stocks,Equity - US Small Cap,Open-End Fund,,Janus Triton T,6/9/2014,23.99
181012BM6,Taxable Bonds,Taxable - Core Bonds,Fixed Income,,CLARK COUNTY      5.9%27 TAX         DUE 07/01/27,1/10/2017,1.1169
452152QN4,Taxable Bonds,Taxable - Core Bonds,Fixed Income,,Illinois St Go Bds 3.86% 2021-04-01,1/10/2017,0.98767
912828SA9,Taxable Bonds,Taxable - Core Bonds,Treasury Inflation-Protected,,UST INFL IDX 0.125%01/22 INFL INDEX  DUE 01/15/22,8/16/2016,1.073097
EFT,Taxable Bonds,Taxable - Core Bonds,Closed-End Fund,,EV Floating Rate Income,11/16/2016,14.8
61760QAH7,Taxable Bonds,Taxable - Core Bonds,Fixed Income,,MORGAN STANLEY SR NT FLT 3.57895% 03/30/,1/9/2017,1.00125
754730AB5,Taxable Bonds,Taxable - Core Bonds,Fixed Income,,Raymond James Finl 8.6% 2019-08-15,1/9/2017,1.13947
362TND246,Taxable Bonds,Taxable - Core Bonds,Fixed Income,,GTE CORP BOND 8.75000% 11/01/2021 TENDER,4/1/2016,1.28116
64966H4M9,Taxable Bonds,Taxable - Core Bonds,Fixed Income,,New York N Y Go Bds 5.047% 2024-10-01,1/9/2017,1.12482
70213BAA9,Taxable Bonds,Taxable - Core Bonds,Fixed Income,,Partnerre Fin B 5.5% 2020-06-01,1/9/2017,1.08486
927747BF1,Taxable Bonds,Taxable - Core Bonds,Fixed Income,,VIRGINIA BEACH VA STORM WTR UTIL REV 04.,1/9/2017,1.06185
59259NZV8,Taxable Bonds,Taxable - Core Bonds,Fixed Income,,Metropolitan Transn Auth 5.455% 2024-11-15,1/9/2017,1.14714
897745BB0,Taxable Bonds,Taxable - Core Bonds,Fixed Income,,TROY UNIVERSITY  5.05%19 EDUC PUB    DUE 11/01/19,1/10/2017,1.08238
38143UTN1,Taxable Bonds,Taxable - Core Bonds,Fixed Income,,GOLDMAN SACHS GROUP INC 3.12635% 04/13/2,1/9/2017,1.0488
678514AW0,Taxable Bonds,Taxable - Core Bonds,Fixed Income,,OKLAHOMA CAP IMP AUTH ST HWY CAP IMPT 04,1/9/2017,1.05406
64988VDT7,Taxable Bonds,Taxable - Core Bonds,Fixed Income,,NEW YORK ST MUN BD BK AGY RECOVERY ACT 0,1/9/2017,1.09705
873465XS2,Taxable Bonds,Taxable - Core Bonds,Fixed Income,,Tacoma Wash Go And Lt 5.041% 2025-12-01,1/9/2017,1.09681
41013NZN1,Taxable Bonds,Taxable - Core Bonds,Fixed Income,,Hancock John Life Ins Co Signa FRN 2015-12-15,12/14/2015,1
04785RAR4,Taxable Bonds,Taxable - Core Bonds,Fixed Income,,Atlanta Ga Urban Residential F Re 5.658% 2022-12-01,1/9/2017,1.01563
71781LBJ7,Taxable Bonds,Taxable - Core Bonds,Fixed Income,,Philadelphia Pa Auth 2017-04-15,1/9/2017,0.99648
71645WAH4,Taxable Bonds,Taxable - Core Bonds,Fixed Income,,Petrobras Intl Fin 8.375% 2018-12-10,1/9/2017,1.08
FCNKX,US Stocks,Equity - US Large Cap,Open-End Fund,,Fidelity® Contrafund® K,1/10/2017,101.21
QUSCQ,Cash Equivalents,Cash & Equivalents,Money Market Fund,,QUSCQ,1/11/2017,1
TFEQX,Non-US Stocks,Int'l Equity - Value,Open-End Fund,,Templeton Instl Intl Eq Ser Primary,4/29/2014,23.34
362320AT0,Taxable Bonds,Taxable - Core Bonds,Fixed Income,,Gte 8.75% 2021-11-01,3/14/2016,1.28748
WFCPRJ,Taxable Bonds,Taxable - Core Bonds,Stock,,Wells Fargo & Co Pref Share,7/26/2016,27.95
HYT,Taxable Bonds,Taxable - US High Yield Bonds,Closed-End Fund,,BlackRock Corp High Yield,1/9/2017,11.06
VXF,US Stocks,Equity - US Mid Cap,Exchange-Traded Fund,,Vanguard Extended Market ETF,12/7/2016,97.21
FOBAX,Balanced,Balanced Allocation,Open-End Fund,,Tributary Balanced Instl,5/23/2014,17.71
DREGX,Non-US Stocks,Int'l Equity - Emg Mks,Open-End Fund,,Driehaus Emerging Markets Growth,8/11/2014,33.82
PRPFX,Balanced,Balanced Allocation,Open-End Fund,,Permanent Portfolio Permanent I,4/28/2014,44.17
PONDX,Taxable Bonds,Taxable - Non-Trad & Hi Yield,Open-End Fund,,PIMCO Income D,6/4/2014,12.66
FPC1Z,Not Classified,Not Classified,Open-End Fund,,FPA CRESCENT FUND INST CL SHARES,4/28/2014,33.44
OAKEX,Non-US Stocks,Int'l Equity - Small Cap,Open-End Fund,,Oakmark International Small Cap Investor,1/10/2017,14.8
UMBMX,US Stocks,Equity - US Mid Cap,Open-End Fund,,Scout Mid Cap,4/30/2014,18.12
WOOD,Other,Portfolio Diversifiers,Exchange-Traded Fund,,iShares Global Timber & Forestry,7/25/2016,48.209
PFF,US Stocks,Equity - US Large Cap,Exchange-Traded Fund,,iShares US Preferred Stock,4/30/2014,39.55
BREFX,Other,Portfolio Diversifiers,Open-End Fund,,Baron Real Estate Retail,8/11/2014,24.05
SRLN,Taxable Bonds,Taxable - Core Bonds,Exchange-Traded Fund,,SPDR® Blackstone / GSO Senior Loan ETF,1/10/2017,47.55
RYU,Other,Equity - Alternatives/Low Vol,Exchange-Traded Fund,,Guggenheim S&P 500® Eq Wt Utilities ETF,2/25/2015,76.9
RMT,US Stocks,Equity - US Small Cap,Closed-End Fund,,Royce Micro Cap Trust,8/18/2014,12.28
42899AEU3,Taxable Bonds,Taxable - Core Bonds,Fixed Income,,HEWLETT-PACKARD  3.75XXX SUBMIT FOR TENDER,10/15/2015,1.03481
61212LMV8,Municipal Bonds,Tax Exempt - US Muni Bonds,Fixed Income,,MONTANA BOARD RE 2.69%21 EDUC PUB    DUE 11/15/21,1/10/2017,1.01193
00206RAZ5,Taxable Bonds,Taxable - Core Bonds,Fixed Income,,AT&T INC.       3.875%21 DUE 08/15/21,1/10/2017,1.036033
385799AH4,Taxable Bonds,Taxable - Core Bonds,Fixed Income,,GRAND JUNCTION  4.393%17 UTIL        DUE 12/01/17,1/10/2017,1.02478
788640GX2,Municipal Bonds,Tax Exempt - US Muni Bonds,Fixed Income,,COUNTY OF ST. CL 1.95%19 GO LTX      DUE 04/01/19,1/10/2017,0.99459
125509BS7,Municipal Bonds,Tax Exempt - US Muni Bonds,Fixed Income,,CIGNA CORP          4%22 DUE 02/15/22,1/10/2017,1.043602
86787GAC6,Taxable Bonds,Taxable - Core Bonds,Fixed Income,,SUNTRUST BANK    5.45%17 DUE 12/01/17,1/10/2017,1.028308
38141E2F5,Municipal Bonds,Tax Exempt - US Muni Bonds,Fixed Income,,GOLDMAN SACHS GROUP 5%23 DUE 06/15/23,1/10/2017,1.073103
4165X0PX2,Taxable Bonds,Taxable - Core Bonds,Fixed Income,,HARTFORD LIFE INS VAR 16 DUE 08/15/16,8/12/2016,0.999865
93265PBV0,Taxable Bonds,Taxable - Core Bonds,Fixed Income,,WALNUT CA ENGY C 5.45%23 UTIL PWR    DUE 01/01/23,1/10/2017,1.11917
25459HBL8,Taxable Bonds,Taxable - Core Bonds,Fixed Income,,DIRECTV HOLDINGS 4.45%24 DUE 04/01/24,1/10/2017,1.026808
20281PCC4,Municipal Bonds,Tax Exempt - US Muni Bonds,Fixed Income,,COMMONWEALTH FA 5.992%20 AUTH MUNI   DUE 06/01/20,1/10/2017,1.09851
AQMNX,Other,Portfolio Diversifiers,Open-End Fund,,AQR Managed Futures Strategy N,1/10/2017,9.24
645767AY0,Taxable Bonds,Taxable - Core Bonds,Fixed Income,,VERIZON NEW JERSEY  8%22 DUE 06/01/22,1/10/2017,1.231273
42899AEW9,Taxable Bonds,Taxable - Core Bonds,Fixed Income,,HEWLETT-PACKARD 4.375XXX SUBMIT FOR TENDER,10/15/2015,1.038562
SWQXX,Cash Equivalents,Cash & Equivalents,Money Market Fund,,Schwab Advisor Cash Reserves® Sweep,1/11/2017,1
71699AGG3,Taxable Bonds,Taxable - Core Bonds,Fixed Income,,PETROBRAS INTERNATIONAL FINANC 07.87500%,7/27/2016,1.0625
SAN+E,Taxable Bonds,Taxable - Core Bonds,Preferred Stock,,SANTANDER FIN  10.5% PFD PFD SER 10,9/26/2014,25.64
452024HC9,Taxable Bonds,Taxable - Core Bonds,Fixed Income,,ILLINOIS MUNI E 4.999%18 UTIL        DUE 02/01/18,1/10/2017,1.02848
220228AY6,Taxable Bonds,Taxable - Core Bonds,Fixed Income,,CORPUS CHRISTI T 3.92%20 TRAN BUS    DUE 12/01/20,1/10/2017,1.02449
PAXHX,Taxable Bonds,Taxable - US High Yield Bonds,Open-End Fund,,Pax High Yield Bond Individual Investor,2/12/2015,7.03
CSIBX,Taxable Bonds,Taxable - Non-Trad & Hi Yield,Open-End Fund,,Calvert Bond A,1/9/2017,15.9
FDIKX,Non-US Stocks,Non-US Dev Stock,Open-End Fund,,Fidelity® Diversified International K,1/10/2017,33.78
FLCKX,US Stocks,US Mid Cap Value,Open-End Fund,,Fidelity® Leveraged Company Stock K,1/10/2017,34.27
FPUKX,Balanced,Balanced,Open-End Fund,,Fidelity® Puritan® K,1/10/2017,20.92
FLVCX,US Stocks,Equity - US Mid Cap,Open-End Fund,,Fidelity® Leveraged Company Stock,6/4/2015,47.94
FDIVX,Non-US Stocks,Int'l Equity - Core,Open-End Fund,,Fidelity® Diversified International,1/9/2017,33.84
VAIPX,Taxable Bonds,US Infl Protected Bonds,Open-End Fund,,Vanguard Inflation-Protected Secs Adm,9/25/2012,29.29
FAGOX,US Stocks,US Large Cap Growth,Open-End Fund,,Fidelity Advisor® Growth Opps T,10/1/2012,42.7
FAIGX,Balanced,Balanced,Open-End Fund,,Fidelity Advisor® Balanced T,10/1/2012,16.75
FAEGX,US Stocks,US Large Cap Growth,Open-End Fund,,Fidelity Advisor® Equity Growth T,10/16/2012,62.96
64966H3N8,Municipal Bonds,Tax Exempt - US Muni Bonds,Fixed Income,,NEW YORK N Y GO BDS SER. 2002A-7 04.0000,1/9/2017,1.0668
641496DQ4,Municipal Bonds,Tax Exempt - US Muni Bonds,Fixed Income,,NEVADA SYS HIGHER ED UNIVS REV UNIVS REV,1/9/2017,1.05918
NVS,Non-US Stocks,Int'l Equity - Core,Stock,,Novartis AG ADR,1/9/2017,74.17
039260BL7,Municipal Bonds,Tax Exempt - US Muni Bonds,Fixed Income,,ARCANUM-BUTLER OHIO LOC SCH DIST GO BDS,1/9/2017,1.05438
VMMXX,Cash Equivalents,Cash & Equivalents,Money Market Fund,,Vanguard Prime Money Market Investor,1/11/2017,1
59334CEZ5,Municipal Bonds,Tax Exempt - US Muni Bonds,Fixed Income,,MIAMI-DADE CNTY FLA PUB SVC TAX REV REV,1/9/2017,1.12035
346843CV5,Municipal Bonds,Tax Exempt - US Muni Bonds,Fixed Income,,FORT BEND TEX INDPT SCH DIST FOR ISSUES,1/9/2017,1.07402
5816633N9,Municipal Bonds,Tax Exempt - US Muni Bonds,Fixed Income,,MC KINNEY TEX INDPT SCH DIST SCH BLDG 04,1/9/2017,1.03914
645916Z42,Municipal Bonds,Tax Exempt - US Muni Bonds,Fixed Income,,NEW JERSEY ECONOMIC DEV AUTH REV REF SCH,1/9/2017,1.07326
572716HW1,Municipal Bonds,Tax Exempt - US Muni Bonds,Fixed Income,,Marshall Univ W Va Univ Revs Ref Rev 5% 2023-05-01,1/9/2017,1.0964
40785EWY8,Municipal Bonds,Tax Exempt - US Muni Bonds,Fixed Income,,HAMILTON SOUTHEASTERN IND 05.25000% 07/1,1/9/2017,1.12097
QGEN,Non-US Stocks,Int'l Equity - Stocks,Stock,,Qiagen NV,1/3/2013,18.69
4521517X5,Municipal Bonds,Tax Exempt - US Muni Bonds,Fixed Income,,ILLINOIS ST GO BDS SER. 2009A 04.00000%,1/9/2017,1.02226
FDX,US Stocks,Equity - US Large Cap,Stock,,FedEx Corp,1/3/2013,94.6
25477GHF5,Municipal Bonds,Tax Exempt - US Muni Bonds,Fixed Income,,DISTRICT COLUMBIA INCOME TAX REV REV 05.,1/9/2017,1.14097
607114T39,Municipal Bonds,Tax Exempt - US Muni Bonds,Fixed Income,,MOBILE ALA GO REF IMPT WTS SER. 2008-B 0,1/9/2017,1.03896
59156RBQ0,Taxable Bonds,Taxable - Core Bonds,Fixed Income,,METLIFE INC NOTE CALL MAKE WHOLE 3.60000,1/9/2017,1.02276
PIM,Taxable Bonds,Taxable - Core Bonds,Closed-End Fund,,Putnam Master Intermediate Income,1/9/2017,4.64
472149BG7,Taxable Bonds,Taxable - Core Bonds,Fixed Income,,JEA FLA BULK PWR SUPPLY SYS REV REV 05.3,1/9/2017,1.10891
DFAIX,Taxable Bonds,US Txbl Short Term Bonds,Open-End Fund,,DFA Short-Duration Real Return Instl,1/9/2017,9.88
VLKAY,Non-US Stocks,Non-US Dev Stock,Stock,,Volkswagen AG ADR,4/4/2014,50.93
FMAGX,US Stocks,Equity - US Large Cap,Open-End Fund,,Fidelity® Magellan®,1/9/2017,93.36
FDEGX,US Stocks,Equity - US Mid Cap,Open-End Fund,,Fidelity® Growth Strategies,12/5/2016,33.86
FDSVX,US Stocks,Equity - US Large Cap,Open-End Fund,,Fidelity® Growth Discovery,12/5/2016,25.22
FRESX,Other,Portfolio Diversifiers,Open-End Fund,,Fidelity® Real Estate Investment Port,1/9/2017,42.06
FGRIX,US Stocks,Equity - US Large Cap,Open-End Fund,,Fidelity® Growth & Income,12/5/2016,32.67
KAUFX,US Stocks,Equity - US Mid Cap,Open-End Fund,,Federated Kaufmann R,12/5/2016,4.96
FBGRX,US Stocks,Equity - US Large Cap,Open-End Fund,,Fidelity® Blue Chip Growth,12/5/2016,68.47
FISMX,Non-US Stocks,Int'l Equity - Small Cap,Open-End Fund,,Fidelity® International Small Cap,1/9/2017,23.69
FSPTX,Other,Portfolio Diversifiers,Open-End Fund,,Fidelity® Select Technology,12/5/2016,127.76
JAENX,US Stocks,Equity - US Mid Cap,Open-End Fund,,Janus Enterprise T,12/5/2016,95.69
JRSE,Other,Portfolio Diversifiers,Stock,,Jacobson Resonance Enterprises Ltd,1/10/2017,1
DVA,US Stocks,Equity - US Mid Cap,Stock,,DaVita Inc,1/9/2017,63.38
JAGLX,Other,Portfolio Diversifiers,Open-End Fund,,Janus Global Life Sciences T,12/5/2016,46.14
JORNX,Non-US Stocks,Int'l Equity - Core,Open-End Fund,,Janus Global Select T,1/9/2017,13.21
MSI,US Stocks,Equity - US Mid Cap,Stock,,Motorola Solutions Inc,12/7/2016,83.27
JAWWX,Non-US Stocks,Int'l Equity - Core,Open-End Fund,,Janus Global Research T,1/9/2017,64.03
JANSX,US Stocks,Equity - US Large Cap,Open-End Fund,,Janus T,1/9/2017,34.36
VGHAX,Other,Portfolio Diversifiers,Open-End Fund,,Vanguard Health Care Adm,1/9/2017,81.04
JAGTX,Other,Portfolio Diversifiers,Open-End Fund,,Janus Global Technology T,11/28/2016,24.34
ADVR,Other,Portfolio Diversifiers,Stock,,Advanced Viral Research Corp,1/10/2017,1
JNS,US Stocks,Equity - US Small Cap,Stock,,Janus Capital Group Inc,5/27/2015,17.86
MET,US Stocks,Equity - US Large Cap,Stock,,MetLife Inc,10/13/2015,47.88
FLATX,Non-US Stocks,Non-US Emrg Stock,Open-End Fund,,Fidelity® Latin America,6/6/2013,41.75
FBIOX,US Stocks,Specialty/Sector,Open-End Fund,,Fidelity® Select Biotechnology,6/6/2013,142.48
FEQTX,US Stocks,Equity - US Large Cap,Open-End Fund,,Fidelity® Equity Dividend Income,1/9/2017,27
DFVQX,Non-US Stocks,Int'l Equity - Core,Open-End Fund,,DFA International Vector Equity I,1/9/2017,11.09
DFSTX,US Stocks,Equity - US Small Cap,Open-End Fund,,DFA US Small Cap I,8/16/2012,22.74
APD,US Stocks,US Large Cap Value,Stock,,Air Products & Chemicals Inc,8/2/2012,80.4
W336,Taxable Bonds,Taxable - Core Bonds,Other,,TIAA Access Bond Plus Fund T3,1/10/2017,37.7851
W436,Taxable Bonds,Taxable - Core Bonds,Other,,TIAA Access Bond Plus Fund T4,11/7/2012,33.8116
W311,Non-US Stocks,Int'l Equity - Core,Other,,TIAA Access International Equity Fund T3,1/10/2017,25.686
W411,Non-US Stocks,Int'l Equity - Core,Other,,TIAA Access International Equity Fund T4,11/7/2012,20.5982
QCILIX,Taxable Bonds,Taxable - Core Bonds,Other,,CREF Inflation-Linked Bond R3,1/10/2017,68.4032
QCEQPX,US Stocks,Equity - US Large Cap,Other,,CREF Equity Index R2,1/10/2017,184.5069
QCBMPX,Taxable Bonds,Taxable - Core Bonds,Other,,CREF Bond Market R2,1/10/2017,118.3616
QCGLPX,Non-US Stocks,Int'l Equity - Core,Other,,CREF Global Equities R2,1/10/2017,147.8573
FIREX,Other,Portfolio Diversifiers,Open-End Fund,,Fidelity® Intl Real Estate,1/9/2017,9.66
FSLVX,US Stocks,Equity - US Large Cap Value,Open-End Fund,,Fidelity® Stk Selec Lg Cp Val,9/6/2016,17.87
FSICX,Taxable Bonds,Taxable - Core Bonds,Open-End Fund,,Fidelity® Strategic Income,9/6/2016,10.9
FCPGX,US Stocks,Equity - US Small Cap,Open-End Fund,,Fidelity® Small Cap Growth,9/6/2016,20.36
FSITX,Taxable Bonds,Taxable - Core Bonds,Open-End Fund,,Fidelity® US Bond Index Premium,1/9/2017,11.54
FMCDX,US Stocks,US Mid Cap Growth,Open-End Fund,,Fidelity Advisor® Stock Selec Mid Cp A,12/1/2016,32.96
AQEAX,US Stocks,US Large Cap Blend,Open-End Fund,,Columbia Disciplined Core A,12/7/2016,10.42
OAEIX,US Stocks,US Large Cap Value,Open-End Fund,,Oppenheimer Equity Income A,1/9/2017,29.97
OPITX,Taxable Bonds,US High Yield Bonds,Open-End Fund,,Oppenheimer Rochester® Ltd Term Muni A,12/27/2016,4.47
GMF,Non-US Stocks,Non-US Emrg Stock,Exchange-Traded Fund,,SPDR® S&P Emerging Asia Pacific ETF,1/9/2017,77.4
IEI,Taxable Bonds,US Txbl Int Term Bonds,Exchange-Traded Fund,,iShares 3-7 Year Treasury Bond,1/9/2017,122.83
NHMAX,Taxable Bonds,US High Yield Bonds,Open-End Fund,,Nuveen High Yield Municipal Bond A,1/9/2017,16.57
69362BAJ1,Taxable Bonds,Fixed Income-Other,Fixed Income,,PSEG PWR LLC NOTE CALL MAKE WHOLE 8.6250,1/9/2017,1.22879
MWCIX,Taxable Bonds,US Txbl Int Term Bonds,Open-End Fund,,Metropolitan West Unconstrained Bd I,1/9/2017,11.82
RSP,US Stocks,US Large Cap Blend,Exchange-Traded Fund,,Guggenheim S&P 500® Equal Weight ETF,1/9/2017,87.7
EWC,Non-US Stocks,Non-US Emrg Stock,Exchange-Traded Fund,,iShares MSCI Canada,1/9/2017,26.7
VV,US Stocks,US Large Cap Blend,Exchange-Traded Fund,,Vanguard Large-Cap ETF,1/9/2017,103.78
KRE,US Stocks,Specialty/Sector,Exchange-Traded Fund,,SPDR® S&P Regional Banking ETF,1/9/2017,55.24
VUG,US Stocks,US Large Cap Growth,Exchange-Traded Fund,,Vanguard Growth ETF,1/9/2017,114.27
VCLT,Taxable Bonds,US Txbl Int Term Bonds,Exchange-Traded Fund,,Vanguard Long-Term Corporate Bond ETF,1/9/2017,90.39
EWU,Non-US Stocks,Non-US Emrg Stock,Exchange-Traded Fund,,iShares MSCI United Kingdom,1/9/2017,30.87
SFLNX,US Stocks,US Large Cap Value,Open-End Fund,,Schwab Fundamental US Large Company Idx,1/9/2017,15.32
VGT,US Stocks,Specialty/Sector,Exchange-Traded Fund,,Vanguard Information Technology ETF,1/9/2017,124.64
HEDJ,Non-US Stocks,Non-US Dev Stock,Exchange-Traded Fund,,WisdomTree Europe Hedged Equity ETF,12/29/2016,57.15
SCHD,US Stocks,US Large Cap Value,Exchange-Traded Fund,,Schwab US Dividend Equity ETF™,1/9/2017,43.6
PKW,US Stocks,US Large Cap Blend,Exchange-Traded Fund,,PowerShares Buyback Achievers ETF,1/9/2017,50.82
FGITX,US Stocks,US Large Cap Blend,Open-End Fund,,Fidelity Advisor® Growth & Income T,2/24/2012,18.72
PID,Non-US Stocks,Int'l Equity - Value,Exchange-Traded Fund,,PowerShares Intl Div Achiev ETF,12/28/2015,13.7
BSJD,Taxable Bonds,Taxable - US High Yield Bonds,Exchange-Traded Fund,,Guggenheim BulletShrs 2013 HY CorpBd ETF,12/30/2013,25.55
18383M415,Taxable Bonds,Taxable - Non-Trad & Hi Yield,Exchange-Traded Fund,,Guggenheim BulletShrs 2016 HY CorpBd ETF,6/6/2016,25.79
FAECX,Non-US Stocks,Non-US Dev Stock,Open-End Fund,,Fidelity Advisor® Europe Cap Apprec T,2/24/2012,11.15
18383M456,Taxable Bonds,Taxable - US High Yield Bonds,Exchange-Traded Fund,,Guggenheim BulletShrs 2012 HY CorpBd ETF,12/28/2012,25.41
DJP,Other,Portfolio Diversifiers,Exchange-Traded Fund,,iPath® Bloomberg Cmdty TR ETN,11/22/2013,36.2
