AccountID,AccountNumber,SecSymbol,CostOfSharesSold,DateAquired,DateSoldOrPayDate,QuantitySold,SellMethod,TotalGains,GainType,GrossProceeds,NetProceeds
0037d8ee-a639-4c31-af50-ba63187ca65c,638328045,FDRXX,55559.67,11/29/2016,12/12/2016,55559.67,FIFO,,Short Term Capital Gains and Losses,55559.67,55559.67
0037d8ee-a639-4c31-af50-ba63187ca65c,638328045,FDRXX,15020,11/29/2016,12/28/2016,15020,FIFO,,Short Term Capital Gains and Losses,15020,15020
0037d8ee-a639-4c31-af50-ba63187ca65c,638328045,FDRXX,15848.69,11/29/2016,12/29/2016,15848.69,FIFO,,Short Term Capital Gains and Losses,15848.69,15848.69
0037d8ee-a639-4c31-af50-ba63187ca65c,638328045,FDRXX,34569.16,11/29/2016,12/30/2016,34569.16,FIFO,,Short Term Capital Gains and Losses,34569.16,34569.16
0037d8ee-a639-4c31-af50-ba63187ca65c,638328045,FDRXX,750,11/29/2016,1/3/2017,750,FIFO,,Short Term Capital Gains and Losses,750,750
00ae8dbf-9d03-4030-933f-6c106c2ea159,10443116,IVV,8660.29,10/24/2008,12/15/2016,100,FIFO,14191.12,Long Term Capital Gains and Losses,22860.36,22851.41
00ae8dbf-9d03-4030-933f-6c106c2ea159,10443116,IVV,6928.23,10/24/2008,1/3/2017,80,FIFO,11114.73,Long Term Capital Gains and Losses,18051.91,18042.96
00ae8dbf-9d03-4030-933f-6c106c2ea159,10443116,IJH,2790.82,11/13/2006,12/15/2016,35,FIFO,3067.36,Long Term Capital Gains and Losses,5867.13,5858.18
00ae8dbf-9d03-4030-933f-6c106c2ea159,10443116,IJH,3189.51,11/13/2006,1/3/2017,40,FIFO,3426.24,Long Term Capital Gains and Losses,6624.7,6615.75
00ae8dbf-9d03-4030-933f-6c106c2ea159,10443116,VIG,0,12/29/2011,1/3/2017,265,FIFO,22572.24,Long Term Capital Gains and Losses,22581.19,22572.24
00ae8dbf-9d03-4030-933f-6c106c2ea159,10443116,VEU,5714.47,2/11/2016,1/3/2017,150,FIFO,939.58,Short Term Capital Gains and Losses,6663,6654.05
00ae8dbf-9d03-4030-933f-6c106c2ea159,10443116,VBR,0,12/29/2011,12/15/2016,100,FIFO,12234.58,Long Term Capital Gains and Losses,12243.53,12234.58
03ac22d4-0cb2-465c-b298-4da67d4ba7b1,676297034,FDRXX,118.79,4/15/2016,1/3/2017,118.79,FIFO,,Short Term Capital Gains and Losses,118.79,118.79
067c7c1f-d358-4a0c-a035-d50d864c082a,638084263,FDRXX,541,6/16/2016,12/29/2016,541,FIFO,,Short Term Capital Gains and Losses,541,541
067c7c1f-d358-4a0c-a035-d50d864c082a,638084263,FDRXX,92.67,6/16/2016,1/3/2017,92.67,FIFO,,Short Term Capital Gains and Losses,92.67,92.67
09e3b20b-e335-4106-854f-de9d3a82c2f5,638313308,FDRXX,10020,8/23/2016,1/5/2017,10020,FIFO,,Short Term Capital Gains and Losses,10020,10020
09e3b20b-e335-4106-854f-de9d3a82c2f5,638313308,FDRXX,26014.47,8/23/2016,1/9/2017,26014.47,FIFO,,Short Term Capital Gains and Losses,26014.47,26014.47
121eebe4-eb9b-4795-b42c-7046dd64bd27,L99945R5 SRS001 SIP201,TIAA,0,6/29/2016,1/3/2017,228.04,FIFO,228.04,Short Term Capital Gains and Losses,228.04,228.04
16155d8a-cb41-40a3-ab57-018f60faffc8,613208639,FDRXX,171.73,5/6/2016,1/3/2017,171.73,FIFO,,Short Term Capital Gains and Losses,171.73,171.73
165e99ba-b2fb-42d9-a5cb-b4921c1d4560,674937894,FDRXX,124.71,11/4/2015,1/3/2017,124.71,FIFO,,Long Term Capital Gains and Losses,124.71,124.71
1696185f-df69-43ce-ac8f-5a41c69e4848,676097419,FDRXX,95,5/2/2014,12/22/2016,95,FIFO,,Long Term Capital Gains and Losses,95,95
1696185f-df69-43ce-ac8f-5a41c69e4848,676097419,FDRXX,6.23,12/5/2014,1/3/2017,6.23,FIFO,,Long Term Capital Gains and Losses,6.23,6.23
1b79a44a-1da4-4f6c-b940-5bf8c2d25503,672888940,FDRXX,1000.35,9/19/2016,1/3/2017,1000.35,FIFO,,Short Term Capital Gains and Losses,1000.35,1000.35
1c1fd846-d106-430d-bbf8-8e4c5694aff9,217498814,SPAXX,656.31,6/14/2016,1/3/2017,656.31,FIFO,,Short Term Capital Gains and Losses,656.31,656.31
233b847c-2114-412d-b734-a3490395c18e,638108840,FDRXX,2208.72,7/27/2016,12/15/2016,2208.72,FIFO,,Short Term Capital Gains and Losses,2208.72,2208.72
233b847c-2114-412d-b734-a3490395c18e,638108840,FDRXX,9855.04,7/27/2016,12/28/2016,9855.04,FIFO,,Short Term Capital Gains and Losses,9855.04,9855.04
233b847c-2114-412d-b734-a3490395c18e,638108840,FDRXX,53344.83,9/30/2016,12/30/2016,53344.83,FIFO,,Short Term Capital Gains and Losses,53344.83,53344.83
233b847c-2114-412d-b734-a3490395c18e,638108840,FDRXX,2238.56,10/7/2016,1/3/2017,2238.56,FIFO,,Short Term Capital Gains and Losses,2238.56,2238.56
277b98b4-1ea8-4649-9519-9b1b1c7b5178,637246573,FDRXX,6.08,3/22/2013,1/3/2017,6.08,FIFO,,Long Term Capital Gains and Losses,6.08,6.08
2aeea03f-d54c-4148-88b8-e8887b171801,676599445,FDRXX,322.98,6/20/2016,1/3/2017,322.98,FIFO,,Short Term Capital Gains and Losses,322.98,322.98
2c041bce-2093-4209-84ed-392c512ca81f,637212806,FDRXX,18000,4/27/2016,12/20/2016,18000,FIFO,,Short Term Capital Gains and Losses,18000,18000
2c041bce-2093-4209-84ed-392c512ca81f,637212806,FDRXX,1546.9,6/10/2016,1/3/2017,1546.9,FIFO,,Short Term Capital Gains and Losses,1546.9,1546.9
31aba2d5-be47-4753-b9d6-5a5623c0760e,638096258,FDRXX,14637.72,10/7/2016,12/30/2016,14637.72,FIFO,,Short Term Capital Gains and Losses,14637.72,14637.72
31aba2d5-be47-4753-b9d6-5a5623c0760e,638096258,FDRXX,686.32,10/7/2016,1/3/2017,686.32,FIFO,,Short Term Capital Gains and Losses,686.32,686.32
3316093a-c23b-405f-9fea-f8621603fbaf,647737810,FDRXX,679.35,12/8/2016,12/14/2016,679.35,FIFO,,Short Term Capital Gains and Losses,679.35,679.35
3316093a-c23b-405f-9fea-f8621603fbaf,647737810,FDRXX,679.35,12/13/2016,12/16/2016,679.35,FIFO,,Short Term Capital Gains and Losses,679.35,679.35
3316093a-c23b-405f-9fea-f8621603fbaf,647737810,FDRXX,1406.17,12/27/2016,12/30/2016,1406.17,FIFO,,Short Term Capital Gains and Losses,1406.17,1406.17
3316093a-c23b-405f-9fea-f8621603fbaf,647737810,FDRXX,448.37,12/27/2016,1/4/2017,448.37,FIFO,,Short Term Capital Gains and Losses,448.37,448.37
3316093a-c23b-405f-9fea-f8621603fbaf,647737810,FDRXX,65870.01,1/3/2017,1/5/2017,65870.01,FIFO,,Short Term Capital Gains and Losses,65870.01,65870.01
3809b9ec-8de4-4e99-8571-996b39d8e8cd,14044526,AQMIX,9049.95,11/5/2015,1/6/2017,833.333,Average Cost,-1277.06,Long Term Capital Gains and Losses,7816.66,7772.89
3809b9ec-8de4-4e99-8571-996b39d8e8cd,14044526,EEMV,6178.35,8/12/2014,12/22/2016,100,FIFO,-1402.4,Long Term Capital Gains and Losses,4795.9,4775.95
3809b9ec-8de4-4e99-8571-996b39d8e8cd,14044526,JPGE,7004.52,8/12/2014,12/22/2016,140,FIFO,256.74,Long Term Capital Gains and Losses,7261.26,7261.26
38214420-4834-4d41-9c47-e64b478dc3f2,672061999,FDRXX,41630.75,9/8/2016,12/29/2016,41630.75,FIFO,,Short Term Capital Gains and Losses,41630.75,41630.75
38214420-4834-4d41-9c47-e64b478dc3f2,672061999,IJH,0,2/2/2011,12/28/2016,120,FIFO,19874.93,Long Term Capital Gains and Losses,19875.37,19874.93
3915aa69-f1e5-427d-a370-cdf6d92a6e5e,X01415812,FDRXX,465.85,12/12/2016,12/13/2016,465.85,FIFO,,Short Term Capital Gains and Losses,465.85,465.85
3915aa69-f1e5-427d-a370-cdf6d92a6e5e,X01415812,FDRXX,14400,12/12/2016,12/23/2016,14400,FIFO,,Short Term Capital Gains and Losses,14400,14400
3915aa69-f1e5-427d-a370-cdf6d92a6e5e,X01415812,FDRXX,1581.57,12/12/2016,1/3/2017,1581.57,FIFO,,Short Term Capital Gains and Losses,1581.57,1581.57
3915aa69-f1e5-427d-a370-cdf6d92a6e5e,X01415812,FDRXX,7700,12/12/2016,1/5/2017,7700,FIFO,,Short Term Capital Gains and Losses,7700,7700
3915aa69-f1e5-427d-a370-cdf6d92a6e5e,X01415812,IEMG,0,12/12/2016,12/27/2016,500,FIFO,20896.39,Short Term Capital Gains and Losses,20896.85,20896.39
3915aa69-f1e5-427d-a370-cdf6d92a6e5e,X01415812,VWIUX,0,12/12/2016,12/27/2016,4147.165,Average Cost,57418.24,Short Term Capital Gains and Losses,57438.24,57418.24
3db02331-506a-458a-b8b0-af419324cb99,638180928,FDRXX,541.19,5/3/2016,1/3/2017,541.19,FIFO,,Short Term Capital Gains and Losses,541.19,541.19
3f0a2cbf-5a17-448f-8a55-0381e9efff77,614479012,FDRXX,192.61,5/11/2016,1/3/2017,192.61,FIFO,,Short Term Capital Gains and Losses,192.61,192.61
4015efc4-7c53-452e-a479-870a3fd707b8,673950114,FDRXX,3958.96,7/19/2016,1/3/2017,3958.96,FIFO,,Short Term Capital Gains and Losses,3958.96,3958.96
43a3ff7f-d66f-4a94-a45b-afe08e1402cc,143414301,FDRXX,19666.92,9/8/2016,12/15/2016,19666.92,FIFO,,Short Term Capital Gains and Losses,19666.92,19666.92
43a3ff7f-d66f-4a94-a45b-afe08e1402cc,143414301,FDRXX,774.35,9/27/2016,1/3/2017,774.35,FIFO,,Short Term Capital Gains and Losses,774.35,774.35
46d79e90-842c-4e93-ad4e-288c50b5bee8,638180927,FDRXX,558.81,6/23/2016,1/3/2017,558.81,FIFO,,Short Term Capital Gains and Losses,558.81,558.81
47b7c5ae-abe0-4229-8ed1-8a59501119ab,613639303,FDRXX,14125.64,11/7/2016,12/27/2016,14125.64,FIFO,,Short Term Capital Gains and Losses,14125.64,14125.64
47b7c5ae-abe0-4229-8ed1-8a59501119ab,613639303,FDRXX,1208.69,12/12/2016,1/3/2017,1208.69,FIFO,,Short Term Capital Gains and Losses,1208.69,1208.69
47b7c5ae-abe0-4229-8ed1-8a59501119ab,613639303,IJH,0,2/2/2011,12/27/2016,50,FIFO,8369.18,Long Term Capital Gains and Losses,8369.37,8369.18
47b7c5ae-abe0-4229-8ed1-8a59501119ab,613639303,HLLVX,0,2/2/2011,12/27/2016,3001.407,Average Cost,32395.2,Long Term Capital Gains and Losses,32415.2,32395.2
4a28dddd-4ba6-468c-a2fd-051895ebd2d7,638342235,OPITX,0,11/30/2016,12/27/2016,355.137,Average Cost,1587.46,Short Term Capital Gains and Losses,1587.46,1587.46
4c91e5dc-72ee-40e9-83f8-7a84783e82b5,26291600,IJR,0,3/4/2014,1/6/2017,20,FIFO,2753.98,Long Term Capital Gains and Losses,2762.93,2753.98
4c91e5dc-72ee-40e9-83f8-7a84783e82b5,26291600,JPGE,39781.6,3/3/2015,1/6/2017,775,FIFO,442.81,Long Term Capital Gains and Losses,40224.41,40224.41
4c91e5dc-72ee-40e9-83f8-7a84783e82b5,26291600,PSK,0,3/4/2014,1/6/2017,500,FIFO,21401.18,Long Term Capital Gains and Losses,21401.18,21401.18
4dcfe71d-c789-4ad5-8367-a28b362841ea,638330023,FDRXX,853.77,12/6/2016,1/3/2017,853.77,FIFO,,Short Term Capital Gains and Losses,853.77,853.77
4dcfe71d-c789-4ad5-8367-a28b362841ea,638330023,FDRXX,14826.58,12/8/2016,1/6/2017,14826.58,FIFO,,Short Term Capital Gains and Losses,14826.58,14826.58
4dcfe71d-c789-4ad5-8367-a28b362841ea,638330023,FRESX,0,10/18/2016,1/3/2017,248.849,Average Cost,10394.42,Short Term Capital Gains and Losses,10394.42,10394.42
4fab889a-1b4e-4e93-972d-bd69ccea29ff,673950092,FDRXX,22.31,11/16/2016,1/3/2017,22.31,FIFO,,Short Term Capital Gains and Losses,22.31,22.31
52490c84-57a4-49c6-a572-718cf714e7fa,480222364,FDRXX,168.43,8/2/2016,1/3/2017,168.43,FIFO,,Short Term Capital Gains and Losses,168.43,168.43
5412d8d5-0e06-4865-9aaa-6bfa6d8b5b72,649436399,FDRXX,547.57,6/20/2016,12/15/2016,547.57,FIFO,,Short Term Capital Gains and Losses,547.57,547.57
5412d8d5-0e06-4865-9aaa-6bfa6d8b5b72,649436399,FDRXX,399.76,6/20/2016,1/3/2017,399.76,FIFO,,Short Term Capital Gains and Losses,399.76,399.76
55255086-5fe6-41a0-a99f-a6eef4f20ac2,638330024,FDRXX,3958.24,12/6/2016,1/4/2017,3958.24,FIFO,,Short Term Capital Gains and Losses,3958.24,3958.24
55255086-5fe6-41a0-a99f-a6eef4f20ac2,638330024,FISMX,0,10/18/2016,1/3/2017,346.114,Average Cost,8081.76,Short Term Capital Gains and Losses,8081.76,8081.76
564aa716-554c-4f5a-af7c-e7a4e9ccb8f8,673900680,FDRXX,742.58,6/20/2016,1/3/2017,742.58,FIFO,,Short Term Capital Gains and Losses,742.58,742.58
56c51c8a-f0bc-4ce9-a364-88fb33bf7191,648109819,FDRXX,4656.36,3/21/2016,12/29/2016,4656.36,FIFO,,Short Term Capital Gains and Losses,4656.36,4656.36
5744a116-8812-4143-a4a4-6319fd04a82a,80222840,DFEVX,2001.03,12/29/2011,12/15/2016,484.211,Average Cost,9657.24,Long Term Capital Gains and Losses,11708.22,11658.27
58f40ade-aaa4-443f-a323-abe1c2f6dc83,480222372,FDRXX,139.11,4/29/2016,1/3/2017,139.11,FIFO,,Short Term Capital Gains and Losses,139.11,139.11
5c2bb1be-3a98-41b3-87dc-a420d5a7b17f,676574044,FDRXX,250,5/23/2016,12/20/2016,250,FIFO,,Short Term Capital Gains and Losses,250,250
5c2bb1be-3a98-41b3-87dc-a420d5a7b17f,676574044,FDRXX,227.08,5/23/2016,1/3/2017,227.08,FIFO,,Short Term Capital Gains and Losses,227.08,227.08
5cb82bf0-d7a6-4b9b-935c-7fc3345b3f40,40162913,EFAV,9956.55,3/29/2016,12/22/2016,150,FIFO,-872.55,Short Term Capital Gains and Losses,9103.95,9084
5da425c1-d81d-457e-a5ce-40d99d9eb758,301565679,FDRXX,167.06,12/21/2016,12/27/2016,167.06,FIFO,,Short Term Capital Gains and Losses,167.06,167.06
5da425c1-d81d-457e-a5ce-40d99d9eb758,301565679,FDRXX,6068.18,12/21/2016,1/3/2017,6068.18,FIFO,,Short Term Capital Gains and Losses,6068.18,6068.18
5dadf373-c64f-41dc-b5c2-4a477e8f9d52,159801844,FDRXX,29388.95,6/17/2016,12/30/2016,29388.95,FIFO,,Short Term Capital Gains and Losses,29388.95,29388.95
5dadf373-c64f-41dc-b5c2-4a477e8f9d52,159801844,FDRXX,412.97,10/7/2016,1/3/2017,412.97,FIFO,,Short Term Capital Gains and Losses,412.97,412.97
5dadf373-c64f-41dc-b5c2-4a477e8f9d52,159801844,HLLVX,6467.79,2/2/2011,12/27/2016,1949.307,Average Cost,14564.73,Long Term Capital Gains and Losses,21052.52,21032.52
6046c479-bfba-4ccd-99a0-f8853d0d12c4,674871648,FDRXX,0.04,2/19/2016,1/3/2017,0.04,FIFO,,Short Term Capital Gains and Losses,0.04,0.04
61d75a2f-6b6e-48e2-8830-7167ff2452b5,672228036,FDRXX,7900,5/6/2016,12/22/2016,7900,FIFO,,Short Term Capital Gains and Losses,7900,7900
61d75a2f-6b6e-48e2-8830-7167ff2452b5,672228036,FDRXX,728.01,6/17/2016,1/3/2017,728.01,FIFO,,Short Term Capital Gains and Losses,728.01,728.01
6523c2b0-b794-47cc-83e3-7a8fef500de9,613697753,FDRXX,246.44,8/31/2016,12/20/2016,246.44,FIFO,,Short Term Capital Gains and Losses,246.44,246.44
666811fe-d9fb-4be2-af1f-f7c1dfd4481f,636658910,FDRXX,44.36,10/1/2015,1/3/2017,44.36,FIFO,,Long Term Capital Gains and Losses,44.36,44.36
69cb0591-df64-4d85-a33d-97a0bcb24334,672062014,FDRXX,6500,12/31/2015,1/5/2017,6500,FIFO,,Long Term Capital Gains and Losses,6500,6500
6d25f601-4545-4c9e-8933-714f3d943e54,638101335,FDRXX,125.65,2/19/2016,1/3/2017,125.65,FIFO,,Short Term Capital Gains and Losses,125.65,125.65
6d43c640-82d0-4b5b-9d54-a8327e0e8d1a,647878650,FDRXX,325,7/12/2016,1/3/2017,325,FIFO,,Short Term Capital Gains and Losses,325,325
6ed6c26a-ec81-4b8d-932b-1a9ee7a660a2,648622362,FDRXX,20.49,4/5/2013,1/3/2017,20.49,FIFO,,Long Term Capital Gains and Losses,20.49,20.49
6f4459a8-3066-4e56-b90b-27fea2fbdedf,638342208,EFAV,0,12/5/2016,12/27/2016,35,FIFO,2133.33,Short Term Capital Gains and Losses,2133.38,2133.33
6f4459a8-3066-4e56-b90b-27fea2fbdedf,638342208,VEU,0,12/5/2016,12/27/2016,72,FIFO,3162.43,Short Term Capital Gains and Losses,3170.45,3162.43
6f4459a8-3066-4e56-b90b-27fea2fbdedf,638342208,BND,0,12/5/2016,12/27/2016,78,FIFO,6246.24,Short Term Capital Gains and Losses,6254.33,6246.24
6f4459a8-3066-4e56-b90b-27fea2fbdedf,638342208,HEDJ,0,12/5/2016,12/27/2016,29,FIFO,1658.17,Short Term Capital Gains and Losses,1666.16,1658.17
74bc446d-e029-48fb-8ad0-c4f52b3b2abb,480221082,FDRXX,56.05,3/30/2015,1/3/2017,56.05,FIFO,,Long Term Capital Gains and Losses,56.05,56.05
757721b2-4f5d-4a86-a773-f2790f6aadce,638342218,FDRXX,63.56,12/22/2016,12/27/2016,63.56,FIFO,,Short Term Capital Gains and Losses,63.56,63.56
757721b2-4f5d-4a86-a773-f2790f6aadce,638342218,FDRXX,650.31,12/22/2016,1/3/2017,650.31,FIFO,,Short Term Capital Gains and Losses,650.31,650.31
77c24339-a4db-457b-bc98-ba8325ab46bc,301847283,FDRXX,44.66,12/21/2016,12/29/2016,44.66,FIFO,,Short Term Capital Gains and Losses,44.66,44.66
77c24339-a4db-457b-bc98-ba8325ab46bc,301847283,FDRXX,124.5,12/21/2016,1/3/2017,124.5,FIFO,,Short Term Capital Gains and Losses,124.5,124.5
78382f8c-6f72-4153-96e0-8fb3ebe83707,676351479,FDRXX,11000,11/7/2016,12/27/2016,11000,FIFO,,Short Term Capital Gains and Losses,11000,11000
78382f8c-6f72-4153-96e0-8fb3ebe83707,676351479,FDRXX,1000,12/21/2016,1/6/2017,1000,FIFO,,Short Term Capital Gains and Losses,1000,1000
7a53014c-2d08-44d8-b10e-2bd15074c364,614025712,FDRXX,2489.3,9/28/2016,12/15/2016,2489.3,FIFO,,Short Term Capital Gains and Losses,2489.3,2489.3
7a53014c-2d08-44d8-b10e-2bd15074c364,614025712,FDRXX,238.88,9/28/2016,1/3/2017,238.88,FIFO,,Short Term Capital Gains and Losses,238.88,238.88
7b5ff9c9-b838-49aa-b19b-8d417d95c5bb,638096273,FDRXX,316.22,9/27/2016,1/3/2017,316.22,FIFO,,Short Term Capital Gains and Losses,316.22,316.22
7b90f9a4-1079-441a-aeff-e1211738eda7,613208647,FDRXX,111.96,10/17/2014,1/3/2017,111.96,FIFO,,Long Term Capital Gains and Losses,111.96,111.96
7bcaf6f4-8569-4765-93cf-576588c603ad,638165983,FDRXX,5500,12/15/2015,1/5/2017,5500,FIFO,,Long Term Capital Gains and Losses,5500,5500
7e187797-9652-4505-a67f-ad6f5c8a9ca8,174329657,FDRXX,10020,10/6/2016,12/28/2016,10020,FIFO,,Short Term Capital Gains and Losses,10020,10020
7e187797-9652-4505-a67f-ad6f5c8a9ca8,174329657,FDRXX,139.74,10/6/2016,1/3/2017,139.74,FIFO,,Short Term Capital Gains and Losses,139.74,139.74
8276a9f3-6425-4a01-85fd-512c8cf365a7,636856258,FDRXX,12208.89,7/19/2016,12/15/2016,12208.89,FIFO,,Short Term Capital Gains and Losses,12208.89,12208.89
8276a9f3-6425-4a01-85fd-512c8cf365a7,636856258,FDRXX,104.79,9/27/2016,1/3/2017,104.79,FIFO,,Short Term Capital Gains and Losses,104.79,104.79
83dcc4ab-697a-4db9-8696-ca0a38369dd0,486282871,FDRXX,1635.58,7/29/2016,12/19/2016,1635.58,FIFO,,Short Term Capital Gains and Losses,1635.58,1635.58
83dcc4ab-697a-4db9-8696-ca0a38369dd0,486282871,FDRXX,287.29,12/29/2016,1/3/2017,287.29,FIFO,,Short Term Capital Gains and Losses,287.29,287.29
853a4ec5-74dc-4f18-af0d-85d6ab2499cf,638108849,FDRXX,103.68,12/6/2013,1/3/2017,103.68,FIFO,,Long Term Capital Gains and Losses,103.68,103.68
8601d16e-306a-40ac-b3da-0af1c539e94b,673950106,FDRXX,5000,11/18/2016,12/14/2016,5000,FIFO,,Short Term Capital Gains and Losses,5000,5000
8601d16e-306a-40ac-b3da-0af1c539e94b,673950106,FDRXX,5000,11/18/2016,12/29/2016,5000,FIFO,,Short Term Capital Gains and Losses,5000,5000
88872593-851d-41a8-bbe5-622470f82747,638096270,FDRXX,39.54,8/14/2013,1/3/2017,39.54,FIFO,,Long Term Capital Gains and Losses,39.54,39.54
8a30cfe3-cb01-40ec-8e65-0d3f7ba90ea9,613697788,FDRXX,9764.75,9/30/2016,12/30/2016,9764.75,FIFO,,Short Term Capital Gains and Losses,9764.75,9764.75
8b883ce1-e5ad-4bbf-a838-e33995e88642,636379514,FDRXX,294.23,6/16/2016,1/3/2017,294.23,FIFO,,Short Term Capital Gains and Losses,294.23,294.23
8c326519-e622-43bc-accb-8e5e2f60b8e3,638342176,FDRXX,45017.29,12/16/2016,12/28/2016,45017.29,FIFO,,Short Term Capital Gains and Losses,45017.29,45017.29
8c326519-e622-43bc-accb-8e5e2f60b8e3,638342176,OIDAX,0,12/5/2016,12/15/2016,953.206,Average Cost,13182.84,Short Term Capital Gains and Losses,13182.84,13182.84
8c326519-e622-43bc-accb-8e5e2f60b8e3,638342176,PMCPX,0,12/5/2016,12/15/2016,772.16,Average Cost,17886.39,Short Term Capital Gains and Losses,17906.39,17886.39
90f090bf-b455-470b-b25e-1bab100ddb03,648810851,FDRXX,500,5/11/2016,1/3/2017,500,FIFO,,Short Term Capital Gains and Losses,500,500
91ebe8b9-0e05-42db-a939-a7171f06bd3d,613697630,FDRXX,20029.76,9/8/2016,12/30/2016,20029.76,FIFO,,Short Term Capital Gains and Losses,20029.76,20029.76
9381267e-e051-44ac-bc67-566e452c7413,676599444,FDRXX,123.68,6/29/2016,1/3/2017,123.68,FIFO,,Short Term Capital Gains and Losses,123.68,123.68
9428db26-9549-4a21-a105-f222c72d6a08,638308048,AET,10050.78,1/25/2016,12/13/2016,95,FIFO,2137.67,Short Term Capital Gains and Losses,12196.67,12188.45
975e6ef4-697e-4651-94d9-4601eeb2e9d8,186612677,FDRXX,199.69,12/12/2016,12/13/2016,199.69,FIFO,,Short Term Capital Gains and Losses,199.69,199.69
975e6ef4-697e-4651-94d9-4601eeb2e9d8,186612677,FDRXX,393.92,12/12/2016,1/3/2017,393.92,FIFO,,Short Term Capital Gains and Losses,393.92,393.92
9b05424e-36ed-4544-ba20-b2decbf6d251,672888958,FDRXX,273.18,6/30/2016,1/3/2017,273.18,FIFO,,Short Term Capital Gains and Losses,273.18,273.18
9d503db3-fc30-40eb-8f6f-53a97d9c81ce,672228052,FDRXX,19705.65,8/2/2016,12/28/2016,19705.65,FIFO,,Short Term Capital Gains and Losses,19705.65,19705.65
9d503db3-fc30-40eb-8f6f-53a97d9c81ce,672228052,FDRXX,610.22,8/2/2016,1/3/2017,610.22,FIFO,,Short Term Capital Gains and Losses,610.22,610.22
9e8baec0-fa5a-47ff-a69a-53bfd97f61c9,636658898,FDRXX,36.66,12/28/2015,1/3/2017,36.66,FIFO,,Long Term Capital Gains and Losses,36.66,36.66
a158f0ee-7a96-48de-bebb-1d149685a95a,Z83710199,FDMXX,325.65,12/21/2016,12/29/2016,325.65,FIFO,,Short Term Capital Gains and Losses,325.65,325.65
a158f0ee-7a96-48de-bebb-1d149685a95a,Z83710199,FDMXX,907.74,12/21/2016,1/3/2017,907.74,FIFO,,Short Term Capital Gains and Losses,907.74,907.74
a20d6265-8951-4b10-b593-9fbd9eaacd9a,301616613,FDRXX,78.06,11/30/2016,12/29/2016,78.06,FIFO,,Short Term Capital Gains and Losses,78.06,78.06
a20d6265-8951-4b10-b593-9fbd9eaacd9a,301616613,FDRXX,217.76,12/21/2016,1/3/2017,217.76,FIFO,,Short Term Capital Gains and Losses,217.76,217.76
a4bb721d-ec61-41fe-8e18-1e514d58887c,638180293,FDRXX,205.42,12/16/2015,1/3/2017,205.42,FIFO,,Long Term Capital Gains and Losses,205.42,205.42
a665ef07-7281-4644-97f5-b769e54c7279,676421785,FDRXX,20.43,12/11/2015,1/3/2017,20.43,FIFO,,Long Term Capital Gains and Losses,20.43,20.43
aba12da8-a97a-428e-bec3-d86ceb57f2fe,638108856,FDRXX,5500,12/22/2015,1/5/2017,5500,FIFO,,Long Term Capital Gains and Losses,5500,5500
ac7aa0ed-7588-4e4f-8c20-72c931995e91,14044545,UMBWX,0,3/1/2011,1/6/2017,157.795,Average Cost,3326.32,Long Term Capital Gains and Losses,3326.32,3326.32
ac7aa0ed-7588-4e4f-8c20-72c931995e91,14044545,BSV,10033.58,9/4/2014,1/5/2017,125,FIFO,-103.75,Long Term Capital Gains and Losses,9949.78,9929.83
ae21a6b7-7cce-40c6-b329-861d45b68f84,638292357,ACWI,0,8/15/2016,1/3/2017,50,FIFO,2970.63,Short Term Capital Gains and Losses,2970.7,2970.63
ae21a6b7-7cce-40c6-b329-861d45b68f84,638292357,VT,0,8/15/2016,1/3/2017,71,FIFO,4343.09,Short Term Capital Gains and Losses,4351.14,4343.09
af13454d-4913-42f3-9080-648cd7899098,117821284,FDRXX,19216.39,9/19/2016,12/29/2016,19216.39,FIFO,,Short Term Capital Gains and Losses,19216.39,19216.39
af13454d-4913-42f3-9080-648cd7899098,117821284,FDRXX,20464.42,10/7/2016,1/3/2017,20464.42,FIFO,,Short Term Capital Gains and Losses,20464.42,20464.42
af9ac6b3-4edd-4d69-a17d-1e566b09652c,638180938,FDRXX,5500,12/27/2016,1/5/2017,5500,FIFO,,Short Term Capital Gains and Losses,5500,5500
b0344c72-d461-4d08-81ee-1919a7a4b675,638134771,FDRXX,383.68,6/14/2016,1/3/2017,383.68,FIFO,,Short Term Capital Gains and Losses,383.68,383.68
b0bee217-90b7-449f-8260-34e3374d59bf,638348633,FDRXX,5500,12/27/2016,1/5/2017,5500,FIFO,,Short Term Capital Gains and Losses,5500,5500
b1221acb-e5e8-4c20-879a-d96b40a66c40,301814032,FDRXX,212.13,12/21/2016,12/27/2016,212.13,FIFO,,Short Term Capital Gains and Losses,212.13,212.13
b1221acb-e5e8-4c20-879a-d96b40a66c40,301814032,FDRXX,1773.81,12/21/2016,1/3/2017,1773.81,FIFO,,Short Term Capital Gains and Losses,1773.81,1773.81
b431500d-69c3-47bb-b2eb-694b23860a66,638330025,FDRXX,64783.81,12/6/2016,12/13/2016,64783.81,FIFO,,Short Term Capital Gains and Losses,64783.81,64783.81
b431500d-69c3-47bb-b2eb-694b23860a66,638330025,FDRXX,342.82,12/6/2016,1/3/2017,342.82,FIFO,,Short Term Capital Gains and Losses,342.82,342.82
b431500d-69c3-47bb-b2eb-694b23860a66,638330025,FDRXX,41707.5,12/6/2016,1/4/2017,41707.5,FIFO,,Short Term Capital Gains and Losses,41707.5,41707.5
b4789cb6-254d-4925-bed3-d3bb78d8f388,676170362,FDRXX,53.8,4/27/2016,1/3/2017,53.8,FIFO,,Short Term Capital Gains and Losses,53.8,53.8
b566c952-617c-4389-a97d-6e55580c0ec6,638134818,FDRXX,101.39,5/11/2016,1/3/2017,101.39,FIFO,,Short Term Capital Gains and Losses,101.39,101.39
b5802da3-7c21-49be-bd0b-8d0503b137b5,676079919,FDRXX,191.43,2/26/2016,1/3/2017,191.43,FIFO,,Short Term Capital Gains and Losses,191.43,191.43
b5802da3-7c21-49be-bd0b-8d0503b137b5,676079919,FDRXX,1650,11/30/2016,1/5/2017,1650,FIFO,,Short Term Capital Gains and Losses,1650,1650
b5802da3-7c21-49be-bd0b-8d0503b137b5,676079919,FSHBX,2004.18,5/3/2013,1/4/2017,232.829,Average Cost,-4.18,Long Term Capital Gains and Losses,2000,2000
b7157755-665e-4847-8a4d-a03b0a20feea,672228044,FDRXX,20209.76,2/5/2016,12/30/2016,20209.76,FIFO,,Short Term Capital Gains and Losses,20209.76,20209.76
b7157755-665e-4847-8a4d-a03b0a20feea,672228044,FDRXX,161.77,10/7/2016,1/3/2017,161.77,FIFO,,Short Term Capital Gains and Losses,161.77,161.77
bb166b6d-ac28-4e91-97b3-007108a6fa02,614852520,FDRXX,96.38,10/7/2015,1/3/2017,96.38,FIFO,,Long Term Capital Gains and Losses,96.38,96.38
bb1919da-7a1b-48ee-9e33-564609d2bdb6,638308048,AET,10050.78,1/25/2016,12/13/2016,95,FIFO,2137.67,Short Term Capital Gains and Losses,12196.67,12188.45
c3acfe7a-279a-4392-b0ba-0cd70dc13f6e,614007641,FDRXX,122.55,9/25/2015,1/3/2017,122.55,FIFO,,Long Term Capital Gains and Losses,122.55,122.55
c47bdce0-0043-43fb-a4a6-3368d9aa1d9a,677075140,FDRXX,1427.85,9/12/2016,12/19/2016,1427.85,FIFO,,Short Term Capital Gains and Losses,1427.85,1427.85
c47bdce0-0043-43fb-a4a6-3368d9aa1d9a,677075140,FDRXX,125,9/12/2016,12/20/2016,125,FIFO,,Short Term Capital Gains and Losses,125,125
c47bdce0-0043-43fb-a4a6-3368d9aa1d9a,677075140,FDRXX,417.42,9/12/2016,12/21/2016,417.42,FIFO,,Short Term Capital Gains and Losses,417.42,417.42
c47bdce0-0043-43fb-a4a6-3368d9aa1d9a,677075140,FDRXX,950,9/26/2016,12/23/2016,950,FIFO,,Short Term Capital Gains and Losses,950,950
c47bdce0-0043-43fb-a4a6-3368d9aa1d9a,677075140,FDRXX,20,10/11/2016,1/5/2017,20,FIFO,,Short Term Capital Gains and Losses,20,20
c5709046-8dad-4485-97f0-7e9773cc6fb0,646826618,FDRXX,1375,10/5/2016,1/3/2017,1375,FIFO,,Short Term Capital Gains and Losses,1375,1375
c6386011-ebea-4c6f-8848-7388d941ee00,613639290,FDRXX,944.93,3/18/2016,1/3/2017,944.93,FIFO,,Short Term Capital Gains and Losses,944.93,944.93
c6c9365d-3666-4954-900b-23f2b3f05804,638203409,FDRXX,102.18,9/25/2015,1/3/2017,102.18,FIFO,,Long Term Capital Gains and Losses,102.18,102.18
c73b9e66-e66a-422c-a245-aa6ad6d03552,673715719,FDRXX,800,6/20/2016,1/3/2017,800,FIFO,,Short Term Capital Gains and Losses,800,800
c7e2f622-cd40-4a2e-b8f9-8ff8cc523b67,671382353,FDRXX,651.14,12/7/2016,1/3/2017,651.14,FIFO,,Short Term Capital Gains and Losses,651.14,651.14
c9989288-ed77-4fcc-81da-dd2895c5c1c2,638293642,FDRXX,234.3,9/19/2016,1/3/2017,234.3,FIFO,,Short Term Capital Gains and Losses,234.3,234.3
cead263e-7a11-45ca-883f-b58dad8e72bf,638203423,FDRXX,215.98,3/31/2016,1/3/2017,215.98,FIFO,,Short Term Capital Gains and Losses,215.98,215.98
cedc9931-bf89-4355-8ce8-f4db7afef2e8,676385784,FDRXX,36.93,3/22/2016,1/3/2017,36.93,FIFO,,Short Term Capital Gains and Losses,36.93,36.93
d3177b48-e645-4881-99d3-7c7335d8bce1,221258695,FDRXX,6891.73,9/23/2016,1/3/2017,6891.73,FIFO,,Short Term Capital Gains and Losses,6891.73,6891.73
d414e60e-464e-45f2-abc1-b949f54eee4e,638096271,FDRXX,11789.12,4/1/2016,12/30/2016,11789.12,FIFO,,Short Term Capital Gains and Losses,11789.12,11789.12
d414e60e-464e-45f2-abc1-b949f54eee4e,638096271,FDRXX,237.09,6/21/2016,1/3/2017,237.09,FIFO,,Short Term Capital Gains and Losses,237.09,237.09
d56b9301-b983-416c-8a98-a892d6d78fdd,216354015,FDRXX,13.81,12/12/2016,12/13/2016,13.81,FIFO,,Short Term Capital Gains and Losses,13.81,13.81
d7c13bb6-c34f-4e1a-b1f6-0e058d2c5f51,673819859,FDRXX,240.12,9/27/2016,1/3/2017,240.12,FIFO,,Short Term Capital Gains and Losses,240.12,240.12
dacc97ce-c74d-4f61-a880-c29abd5f9b95,676079925,FDRXX,165.9,12/30/2015,1/3/2017,165.9,FIFO,,Long Term Capital Gains and Losses,165.9,165.9
dacc97ce-c74d-4f61-a880-c29abd5f9b95,676079925,FDRXX,5000,9/19/2016,1/5/2017,5000,FIFO,,Short Term Capital Gains and Losses,5000,5000
dacc97ce-c74d-4f61-a880-c29abd5f9b95,676079925,FDRXX,5530.98,10/7/2016,1/9/2017,5530.98,FIFO,,Short Term Capital Gains and Losses,5530.98,5530.98
dbfb63c1-23d2-4609-b088-d311b41ee643,672062006,FDRXX,6500,10/17/2016,1/5/2017,6500,FIFO,,Short Term Capital Gains and Losses,6500,6500
e10f5065-d132-4687-82db-0b91808197cc,636699519,FDRXX,1247.6,12/7/2016,1/3/2017,1247.6,FIFO,,Short Term Capital Gains and Losses,1247.6,1247.6
e2dbd678-07f2-46b7-ad5b-00fe99c12ef7,648006092,FSTFX,15512.86,8/9/2011,12/28/2016,1439.539,Average Cost,-512.86,Long Term Capital Gains and Losses,15000,15000
e2dbd678-07f2-46b7-ad5b-00fe99c12ef7,648006092,IJH,6312.31,7/15/2011,12/28/2016,65,FIFO,4446.9,Long Term Capital Gains and Losses,10759.45,10759.21
e549f4c0-2500-4b14-a75b-714dd61f5fd0,676498982,FCNTX,0,9/21/2015,12/27/2016,12.483,Average Cost,1249.42,Long Term Capital Gains and Losses,1249.42,1249.42
e549f4c0-2500-4b14-a75b-714dd61f5fd0,676498982,FDRXX,15.46,9/21/2015,1/3/2017,15.46,FIFO,,Long Term Capital Gains and Losses,15.46,15.46
e549f4c0-2500-4b14-a75b-714dd61f5fd0,676498982,IWP,0,9/21/2015,12/27/2016,8,FIFO,783.31,Long Term Capital Gains and Losses,791.28,783.31
e549f4c0-2500-4b14-a75b-714dd61f5fd0,676498982,IWS,0,9/21/2015,12/27/2016,13,FIFO,1050.09,Long Term Capital Gains and Losses,1058.07,1050.09
ece04523-7c62-42e6-9870-86ef987ad607,649555487,FDRXX,129.57,9/25/2015,1/3/2017,129.57,FIFO,,Long Term Capital Gains and Losses,129.57,129.57
ef703690-df54-4039-b602-7a50c105386f,675331066,FDRXX,187.03,6/16/2016,1/3/2017,187.03,FIFO,,Short Term Capital Gains and Losses,187.03,187.03
f01b21fe-f4d8-4cf2-9275-bde0d1c0c5bc,636854140,FDRXX,12208.89,11/29/2016,12/19/2016,12208.89,FIFO,,Short Term Capital Gains and Losses,12208.89,12208.89
f01b21fe-f4d8-4cf2-9275-bde0d1c0c5bc,636854140,FDRXX,65.29,12/14/2016,1/3/2017,65.29,FIFO,,Short Term Capital Gains and Losses,65.29,65.29
f01b21fe-f4d8-4cf2-9275-bde0d1c0c5bc,636854140,HLLVX,5032.81,4/20/2011,12/13/2016,917.407,Average Cost,4882.71,Long Term Capital Gains and Losses,9935.52,9915.52
f0bedc8f-1895-40a3-a63c-550ccaea89c8,673950149,FDRXX,15007.64,11/14/2016,12/29/2016,15007.64,FIFO,,Short Term Capital Gains and Losses,15007.64,15007.64
f0bedc8f-1895-40a3-a63c-550ccaea89c8,673950149,FDRXX,189.43,11/14/2016,1/3/2017,189.43,FIFO,,Short Term Capital Gains and Losses,189.43,189.43
f1981033-68f5-46da-8bfe-8b680dec184d,614479020,FDRXX,9282.35,10/7/2016,12/16/2016,9282.35,FIFO,,Short Term Capital Gains and Losses,9282.35,9282.35
f1981033-68f5-46da-8bfe-8b680dec184d,614479020,FDRXX,2997.9,10/7/2016,12/21/2016,2997.9,FIFO,,Short Term Capital Gains and Losses,2997.9,2997.9
f1981033-68f5-46da-8bfe-8b680dec184d,614479020,FDRXX,2791.11,10/7/2016,1/3/2017,2791.11,FIFO,,Short Term Capital Gains and Losses,2791.11,2791.11
f706121c-df74-4a58-9e24-d415cbfe71c9,648967424,FDRXX,1098.83,8/24/2016,1/3/2017,1098.83,FIFO,,Short Term Capital Gains and Losses,1098.83,1098.83
f8ccffba-3a0c-467c-b911-eaf6e184013b,303511633,FDRXX,28318.6,9/13/2016,12/29/2016,28318.6,FIFO,,Short Term Capital Gains and Losses,28318.6,28318.6
f8ccffba-3a0c-467c-b911-eaf6e184013b,303511633,FDRXX,1271.88,10/5/2016,1/3/2017,1271.88,FIFO,,Short Term Capital Gains and Losses,1271.88,1271.88
f9f81cc9-996f-4b0e-8408-0e5122bb3a77,676297035,FDRXX,0.35,4/15/2016,1/3/2017,0.35,FIFO,,Short Term Capital Gains and Losses,0.35,0.35
fa7a59d9-10b5-4900-be9e-48c8ce303c3a,614007668,FDRXX,22474.5,12/1/2016,12/27/2016,22474.5,FIFO,,Short Term Capital Gains and Losses,22474.5,22474.5
fa7a59d9-10b5-4900-be9e-48c8ce303c3a,614007668,FDRXX,2127.45,12/15/2016,1/3/2017,2127.45,FIFO,,Short Term Capital Gains and Losses,2127.45,2127.45
fac55a9b-0a20-4146-9c8f-cfdd55b4e5d5,638214751,FDRXX,187.5,6/20/2016,1/3/2017,187.5,FIFO,,Short Term Capital Gains and Losses,187.5,187.5
fcd25b19-c639-461c-8a9c-87fa75de1526,673950122,FDRXX,5000,11/18/2016,12/14/2016,5000,FIFO,,Short Term Capital Gains and Losses,5000,5000
fcd25b19-c639-461c-8a9c-87fa75de1526,673950122,FDRXX,9802.07,11/18/2016,12/16/2016,9802.07,FIFO,,Short Term Capital Gains and Losses,9802.07,9802.07
fcd25b19-c639-461c-8a9c-87fa75de1526,673950122,FDRXX,4796.6,11/18/2016,12/29/2016,4796.6,FIFO,,Short Term Capital Gains and Losses,4796.6,4796.6
fdfc0104-82bd-487a-bf38-52ac9b1f4da8,Z67004472,FDRXX,69.18,12/27/2016,12/27/2016,69.18,FIFO,,Short Term Capital Gains and Losses,69.18,69.18
fdfc0104-82bd-487a-bf38-52ac9b1f4da8,Z67004472,FDRXX,578.01,12/27/2016,1/3/2017,578.01,FIFO,,Short Term Capital Gains and Losses,578.01,578.01
fea23a2f-d4f3-436a-b726-016259678a6c,190842605,FDRXX,942.18,6/14/2016,1/3/2017,942.18,FIFO,,Short Term Capital Gains and Losses,942.18,942.18
ff769896-9c73-40bb-b33d-a04d21abd767,638165991,FDRXX,5500,12/15/2015,1/5/2017,5500,FIFO,,Long Term Capital Gains and Losses,5500,5500
ffcb1999-73e0-47f4-9826-f2b1be91a964,638333560,FDRXX,11.71,10/27/2016,1/3/2017,11.71,FIFO,,Short Term Capital Gains and Losses,11.71,11.71
