HouseholdId,AccountId,AccountNumber,AccountName,AccountTaxable,AccountCustodian,AccountType,AccountYTDRealizedSTGL,AccountYTDRealizedLTGL,AdvisorName,TradingGroup,HouseholdDescription,SSN,ModelID,ModelName
8124b802-d459-4d09-91fe-ee1f8d9f85f4,3809b9ec-8de4-4e99-8571-996b39d8e8cd,14044526,Neil IRA,N,Schwab,Traditional Rollover IRA,0,-1277.06,Jeanne Sullivan,,"BATHON, NEIL",666000001,,
8124b802-d459-4d09-91fe-ee1f8d9f85f4,5cb82bf0-d7a6-4b9b-935c-7fc3345b3f40,40162913,Neil Beneficiary IRA,N,Schwab,Beneficiary IRA,0,0,Jeanne Sullivan,,"BATHON, NEIL",666000001,,
73f8aebc-2c7f-43aa-8d17-8975d9703e24,239ff4a3-b7eb-42b3-b66b-db862db0f7fb,1019823,1019823 - JOINT - WITH RIGHTS OF S,Y,Fidelity Investments,Taxable,0,0,Jeanne Sullivan,,ZZ - LORENE MURPHY,666000002,,
110a2470-44f3-49a9-be67-c37eaa5bc641,c7e2f622-cd40-4a2e-b8f9-8ff8cc523b67,671382353,Kyle Keogh,N,Fidelity Investments,Traditional IRA,0,0,Jeanne Sullivan,,"KAAGAN DONOVAN, KYLE",666000003,,
110a2470-44f3-49a9-be67-c37eaa5bc641,4c72f685-8ab2-4a5e-8c17-ed76e3394233,636909939,Kyle Rollover IRA,N,Fidelity Investments,Traditional Rollover IRA,0,0,Jeanne Sullivan,,"KAAGAN DONOVAN, KYLE",666000003,,
110a2470-44f3-49a9-be67-c37eaa5bc641,e10f5065-d132-4687-82db-0b91808197cc,636699519,Kyle Individual,N,Fidelity Investments,Traditional IRA,0,0,Jeanne Sullivan,,"KAAGAN DONOVAN, KYLE",666000003,,
f1fdeedf-3979-47b8-809d-727183e468a1,e77b301d-d783-4684-99ba-35894d94eeaa,676350442,Rebecca Roth,N,Fidelity Investments,Roth IRA,0,0,Jeanne Sullivan,,"ADAMS, REBECCA & JONATHAN",666000004,,
f1fdeedf-3979-47b8-809d-727183e468a1,183196ee-6130-4ada-8c73-e53b6cc749f6,676350441,Jonathan Roth,N,Fidelity Investments,Roth IRA,0,0,Jeanne Sullivan,,"ADAMS, REBECCA & JONATHAN",666000004,,
da0bc6c6-65b5-4109-81ff-5167be4ee060,70088e7d-7027-49d9-a934-c3ffd03ed4b6,39120167,Greg's Rollover IRA,N,Schwab,Traditional IRA,0,0,Jeanne Sullivan,,SMITH AND WESSON,666000005,,
da0bc6c6-65b5-4109-81ff-5167be4ee060,296b168f-f54d-47d5-acf8-1ba0bbda07ba,35713932 GR1001 150246,Nancy's TIAA CREF,N,TIAA-CREF Financial Services,403(b),0,0,Jeanne Sullivan,,SMITH AND WESSON,666000005,,
da0bc6c6-65b5-4109-81ff-5167be4ee060,a7ad465c-2aa2-4cce-a014-c3691f832ae9,L5825538 GS1001 150248,Nancy's TIAA CREF,N,TIAA-CREF Financial Services,403(b),0,0,Jeanne Sullivan,,SMITH AND WESSON,666000005,,
da0bc6c6-65b5-4109-81ff-5167be4ee060,23c6fb69-9d62-4a67-9aef-fb9c5dc1fa1d,45581254,Nancy's IRA Rollover,N,Schwab,Traditional Rollover IRA,0,0,Jeanne Sullivan,,SMITH AND WESSON,666000005,,
da0bc6c6-65b5-4109-81ff-5167be4ee060,fe4de12b-1535-4d5c-8c75-f3e437432d5c,51067094,Greg's Roth,N,Schwab,Traditional IRA,0,0,Jeanne Sullivan,,SMITH AND WESSON,666000005,,
da0bc6c6-65b5-4109-81ff-5167be4ee060,0dad143d-9a4e-49c9-ba68-a6d2a57f35af,96281857,Nancy's Roth,N,Schwab,Roth IRA,0,0,Jeanne Sullivan,,SMITH AND WESSON,666000005,,
6d47fb8a-42d2-4d3e-8e5c-bb9d3fd12b08,9ced91f5-ce36-477d-9d95-7bbbcdd4e500,638149277,638149277 - JOINT - WITH RIGHTS OF S,Y,Fidelity Investments,Taxable,0,0,Jeanne Sullivan,,"SULLIVAN, JEANNE AND BILL TAXABLE",666000006,,
193f8067-e766-4c42-8f1e-ca84f91aa548,d5b41b9e-6aa5-4a72-8442-ebf0871d662e,11628667,Cynthia Roth IRA,N,Schwab,Roth IRA,0,0,Test,,"LEE, CYNTHIA",666000007,,
193f8067-e766-4c42-8f1e-ca84f91aa548,2bd08220-5a06-4bab-9c60-f1c5a7dc2866,11635667,Cynthia Individual,Y,Schwab,Taxable,0,0,Test,,"LEE, CYNTHIA",666000007,,
193f8067-e766-4c42-8f1e-ca84f91aa548,e38996f3-4453-42f9-8e91-8f8ea8efd3d8,81275156,Cynthia Rollover IRA,N,Schwab,Traditional IRA,0,0,Test,,"LEE, CYNTHIA",666000007,,
e66ef2ce-4347-4498-a783-263f2a0fad9c,aba12da8-a97a-428e-bec3-d86ceb57f2fe,638108856,Drew IRA,N,Fidelity Investments,Traditional IRA,0,0,Jeanne Sullivan,,"GALVIN, DREW & STACIE",666000008,,
e66ef2ce-4347-4498-a783-263f2a0fad9c,e9eef140-c4f3-4c97-b59b-d2e4293ab1cc,676520342,Drew Inherited Roth ,N,Fidelity Investments,IRA - Roth Beneficiary,0,0,Jeanne Sullivan,,"GALVIN, DREW & STACIE",666000008,,
e66ef2ce-4347-4498-a783-263f2a0fad9c,e549f4c0-2500-4b14-a75b-714dd61f5fd0,676498982,Drew Inherited IRA,N,Fidelity Investments,Beneficiary IRA,0,0,Jeanne Sullivan,,"GALVIN, DREW & STACIE",666000008,,
e66ef2ce-4347-4498-a783-263f2a0fad9c,39ecf0ff-9cd1-4cfb-8518-2faaa2a41c33,638108853,Stacie Roth,N,Fidelity Investments,Roth IRA,0,0,Jeanne Sullivan,,"GALVIN, DREW & STACIE",666000008,,
e66ef2ce-4347-4498-a783-263f2a0fad9c,233b847c-2114-412d-b734-a3490395c18e,638108840,Drew Individual,Y,Fidelity Investments,Individual,0,0,Jeanne Sullivan,,"GALVIN, DREW & STACIE",666000008,,
e66ef2ce-4347-4498-a783-263f2a0fad9c,6e45da6e-7a0f-4ce5-8dc3-02bd5a91f90e,638108858,Drew Roth,N,Fidelity Investments,Roth IRA,0,0,Jeanne Sullivan,,"GALVIN, DREW & STACIE",666000008,,
e66ef2ce-4347-4498-a783-263f2a0fad9c,853a4ec5-74dc-4f18-af0d-85d6ab2499cf,638108849,Stacie IRA,N,Fidelity Investments,Traditional IRA,0,0,Jeanne Sullivan,,"GALVIN, DREW & STACIE",666000008,,
e66ef2ce-4347-4498-a783-263f2a0fad9c,01affb47-a3ff-4ea7-9d75-964a75186308,638108832,Joint Account,Y,Fidelity Investments,Taxable,0,0,Jeanne Sullivan,,"GALVIN, DREW & STACIE",666000008,,
a306121a-9a9d-4d83-a481-cbd6124686e4,49d37423-a4f9-45cf-ab3a-0caeede71cbb,79054812,Individual Account,Y,Schwab,Taxable,0,0,Jeanne Sullivan,,"x - WESTERDALE, TERRI",666000009,,
c5bb385d-527a-4b2f-876c-9649f55303f7,76f6bdc4-2e8b-486c-a238-a85631551329,676282846,Sharon Roth,N,Schwab,Roth IRA,0,0,Jeanne Sullivan,,"RICHARD, SHARON & BILL",666000010,,
c5bb385d-527a-4b2f-876c-9649f55303f7,7b90f9a4-1079-441a-aeff-e1211738eda7,613208647,Bill IRA,N,Schwab,Traditional IRA,0,0,Jeanne Sullivan,,"RICHARD, SHARON & BILL",666000010,,
c5bb385d-527a-4b2f-876c-9649f55303f7,d22abd09-ab44-4960-bd53-fed2730a7042,638233219,Bill Trust,N,Schwab,Roth IRA,0,0,Jeanne Sullivan,,"RICHARD, SHARON & BILL",666000010,,
c5bb385d-527a-4b2f-876c-9649f55303f7,bd97a66f-eadd-49b1-8882-2c84d2915316,638155884,Joint Account,Y,Schwab,Taxable,0,0,Jeanne Sullivan,,"RICHARD, SHARON & BILL",666000010,,
c5bb385d-527a-4b2f-876c-9649f55303f7,2397b8b4-db34-4110-9a1b-42028e2bf55f,638233240,Sharon Trust,Y,Schwab,Taxable,0,0,Jeanne Sullivan,,"RICHARD, SHARON & BILL",666000010,,
c5bb385d-527a-4b2f-876c-9649f55303f7,16155d8a-cb41-40a3-ab57-018f60faffc8,613208639,Sharon IRA,N,Schwab,Traditional IRA,0,0,Jeanne Sullivan,,"RICHARD, SHARON & BILL",666000010,,
c5bb385d-527a-4b2f-876c-9649f55303f7,fceaf9b5-dca5-4144-91c7-eccfd0e6135a,676282848,Bill Roth,N,Schwab,Roth IRA,0,0,Jeanne Sullivan,,"RICHARD, SHARON & BILL",666000010,,
d0059a3f-b8e1-4f00-a9d3-45dffbcc7c76,11873c4d-3c67-4b25-be6f-65b840e49569,14044527,Bathon Stock Account,Y,Schwab,Taxable,0,0,Jeanne Sullivan,,BATHON STOCK ACCT,666000011,,
628e95b4-14e1-410f-a77a-dd467ef1c142,00ae8dbf-9d03-4030-933f-6c106c2ea159,10443116,Judy's Individual,Y,Schwab,Individual,969.99,1333,Test,,"SMITH, JUDY",666000012,,
628e95b4-14e1-410f-a77a-dd467ef1c142,5fdd478b-ab40-4a28-a8d2-ea80442c587c,59872731,Judy's Individual 401(k),N,Schwab,401(k),0,0,Test,,"SMITH, JUDY",666000012,,
628e95b4-14e1-410f-a77a-dd467ef1c142,5744a116-8812-4143-a4a4-6319fd04a82a,80222840,Judy's IRA,N,Schwab,Traditional IRA,0,0,Test,,"SMITH, JUDY",666000012,,
628e95b4-14e1-410f-a77a-dd467ef1c142,a14a7d7f-a23c-45fa-99d8-58fedab965d3,90280894,Judy's Roth IRA,N,Schwab,Roth IRA,0,0,Test,,"SMITH, JUDY",666000012,,
702fd9de-371c-4144-96d6-cfd6777d135f,56f94d6d-b3f6-48f4-98f8-286b6f60b40d,614030600,Alice's UTMA,Y,Fidelity Investments,UGMA/UTMA,0,0,Jeanne Sullivan,,"D'ORLANDO, ALICE",666000200,,
702fd9de-371c-4144-96d6-cfd6777d135f,b3bda2a4-20ec-44af-ab60-09a59f92b08b,638206800,638206800 - ROTH IRA,N,Fidelity Investments,Roth IRA,0,0,Jeanne Sullivan,,"D'ORLANDO, ALICE",666000200,,
08f55f6f-f880-4673-b476-1b5ab67f7fde,7bd62ebd-9cbc-4332-a454-87a7401b9049,1011524,Giovanna Gift Fund,N,Fidelity Investments,Other,0,0,Jeanne Sullivan,,"EGIZ, GIOVANNA",666000014,,
08f55f6f-f880-4673-b476-1b5ab67f7fde,ef6ba392-b21c-413b-b63e-267194eb2b76,624490431,James 529,N,Fidelity Investments,529 Plan,0,0,Jeanne Sullivan,,"EGIZ, GIOVANNA",666000014,,
08f55f6f-f880-4673-b476-1b5ab67f7fde,8fffc429-6e65-4404-b163-5ea5e17fa01e,624490440,Caroline 529,N,Fidelity Investments,529 Plan,0,0,Jeanne Sullivan,,"EGIZ, GIOVANNA",666000014,,
08f55f6f-f880-4673-b476-1b5ab67f7fde,3958511b-7c5b-4096-b394-4b0e612c25fa,624490415,Nicholas 529,N,Fidelity Investments,529 Plan,0,0,Jeanne Sullivan,,"EGIZ, GIOVANNA",666000014,,
08f55f6f-f880-4673-b476-1b5ab67f7fde,f1981033-68f5-46da-8bfe-8b680dec184d,614479020,Giovanna's Trust,Y,Fidelity Investments,Trust,0,0,Jeanne Sullivan,,"EGIZ, GIOVANNA",666000014,,
08f55f6f-f880-4673-b476-1b5ab67f7fde,3254d690-c034-4842-9ab3-85b180bed6e7,624490423,Alexandra 529,N,Fidelity Investments,529 Plan,0,0,Jeanne Sullivan,,"EGIZ, GIOVANNA",666000014,,
08f55f6f-f880-4673-b476-1b5ab67f7fde,3f0a2cbf-5a17-448f-8a55-0381e9efff77,614479012,Giovanna's IRA,N,Fidelity Investments,Traditional IRA,0,0,Jeanne Sullivan,,"EGIZ, GIOVANNA",666000014,,
3bc47994-194f-4873-84b5-c7dad2586211,6046c479-bfba-4ccd-99a0-f8853d0d12c4,674871648,Joanne's TOD Individual,Y,Fidelity Investments,Transfer on Death (TOD),0,0,Jeanne Sullivan,,"DOUGAN, JOANNE AND RAYMOND",666000015,,
3bc47994-194f-4873-84b5-c7dad2586211,165e99ba-b2fb-42d9-a5cb-b4921c1d4560,674937894,Joanne's Keogh,N,Fidelity Investments,Keogh,0,0,Jeanne Sullivan,,"DOUGAN, JOANNE AND RAYMOND",666000015,,
3bc47994-194f-4873-84b5-c7dad2586211,8b883ce1-e5ad-4bbf-a838-e33995e88642,636379514,Raymond's IRA,Y,Fidelity Investments,Taxable,0,0,Jeanne Sullivan,,"DOUGAN, JOANNE AND RAYMOND",666000015,,
3bc47994-194f-4873-84b5-c7dad2586211,7d283f70-d3c6-4dd0-bc22-26c7a55ac1a9,674871630,Joanne's IRA-BDA,N,Fidelity Investments,Beneficiary IRA,0,0,Jeanne Sullivan,,"DOUGAN, JOANNE AND RAYMOND",666000015,,
3bc47994-194f-4873-84b5-c7dad2586211,9e8baec0-fa5a-47ff-a69a-53bfd97f61c9,636658898,Joanne's Roth,N,Fidelity Investments,Roth IRA,0,0,Jeanne Sullivan,,"DOUGAN, JOANNE AND RAYMOND",666000015,,
3bc47994-194f-4873-84b5-c7dad2586211,666811fe-d9fb-4be2-af1f-f7c1dfd4481f,636658910,Ray's Roth,N,Fidelity Investments,Roth IRA,0,0,Jeanne Sullivan,,"DOUGAN, JOANNE AND RAYMOND",666000015,,
28f994e8-1210-4c77-9440-58bc5a9a3039,6b0f111d-cff8-42da-8822-5fb74fa77c80,638203415,John Roth,N,Fidelity Investments,Roth IRA,0,0,Jeanne Sullivan,,"MCDONOUGH, JOHN & MAUREEN",666000016,,
28f994e8-1210-4c77-9440-58bc5a9a3039,a1134e32-def1-4dbc-b67b-dcc969d62432,638203285,Joint Account,Y,Fidelity Investments,Taxable,0,0,Jeanne Sullivan,,"MCDONOUGH, JOHN & MAUREEN",666000016,,
28f994e8-1210-4c77-9440-58bc5a9a3039,c6c9365d-3666-4954-900b-23f2b3f05804,638203409,John IRA,N,Fidelity Investments,Traditional IRA,0,0,Jeanne Sullivan,,"MCDONOUGH, JOHN & MAUREEN",666000016,,
28f994e8-1210-4c77-9440-58bc5a9a3039,cead263e-7a11-45ca-883f-b58dad8e72bf,638203423,Maureen IRA,N,Fidelity Investments,Traditional IRA,0,0,Jeanne Sullivan,,"MCDONOUGH, JOHN & MAUREEN",666000016,,
28f994e8-1210-4c77-9440-58bc5a9a3039,4fa963e8-62bb-44b9-9947-45a44a74fe6c,638203426,Maureen Roth,N,Fidelity Investments,Roth IRA,0,0,Jeanne Sullivan,,"MCDONOUGH, JOHN & MAUREEN",666000016,,
e98e7ab0-179f-4959-b26a-cb93440d7a54,b2caa7cb-4720-47a3-be34-d2567c7be1e9,648622370,Natalie's UTMA,Y,Fidelity Investments,UGMA/UTMA,0,0,Jeanne Sullivan,,SCHMIDT - WALL UTMAs,666000017,,
e98e7ab0-179f-4959-b26a-cb93440d7a54,5f516225-df3c-4c43-a146-c1ffa4495dd2,648622354,Michael's UTMA,Y,Fidelity Investments,UGMA/UTMA,0,0,Jeanne Sullivan,,SCHMIDT - WALL UTMAs,666000017,,
2864f030-f0db-4aaa-95ec-9ec0052c4533,a436553e-6dda-4d4e-8452-73f596256885,613697648,Jeanne's Individual,Y,Fidelity Investments,Individual,0,0,Jeanne Sullivan,,"SULLIVAN, JEANNE & BILL CHECKING",666000018,,
2864f030-f0db-4aaa-95ec-9ec0052c4533,c47bdce0-0043-43fb-a4a6-3368d9aa1d9a,677075140,Bill & Jeanne Joint Account,Y,Fidelity Investments,Joint (JTWROS),0,0,Jeanne Sullivan,,"SULLIVAN, JEANNE & BILL CHECKING",666000018,,
632877c2-06ac-4c93-afad-6bfc67f57fa5,31aba2d5-be47-4753-b9d6-5a5623c0760e,638096258,Tim's TOD,Y,Fidelity Investments,Individual,0,0,Jeanne Sullivan,,"DORSEY, TIM & JENN",666000019,,
632877c2-06ac-4c93-afad-6bfc67f57fa5,88872593-851d-41a8-bbe5-622470f82747,638096270,Tim's SEP,N,Fidelity Investments,SEP IRA,0,0,Jeanne Sullivan,,"DORSEY, TIM & JENN",666000019,,
632877c2-06ac-4c93-afad-6bfc67f57fa5,d414e60e-464e-45f2-abc1-b949f54eee4e,638096271,Tim's IRA,N,Fidelity Investments,Traditional IRA,0,0,Jeanne Sullivan,,"DORSEY, TIM & JENN",666000019,,
632877c2-06ac-4c93-afad-6bfc67f57fa5,bf1e6a31-ed79-4262-859e-e93adf867d91,638096269,Tim's Roth,N,Fidelity Investments,Roth IRA,0,0,Jeanne Sullivan,,"DORSEY, TIM & JENN",666000019,,
632877c2-06ac-4c93-afad-6bfc67f57fa5,7b5ff9c9-b838-49aa-b19b-8d417d95c5bb,638096273,Jenn's IRA,N,Fidelity Investments,Traditional IRA,0,0,Jeanne Sullivan,,"DORSEY, TIM & JENN",666000019,,
259ad1b6-195b-4e55-b4e6-7ca2f1d5b675,0dea1800-26b9-49c5-ae4a-8eb70333b17d,676030075,Eric Roth IRA,N,Fidelity Investments,Roth IRA,0,0,Jeanne Sullivan,,"NYBERG, ERIC",666000020,,
259ad1b6-195b-4e55-b4e6-7ca2f1d5b675,7a53014c-2d08-44d8-b10e-2bd15074c364,614025712,Eric Individual,Y,Fidelity Investments,Individual,0,0,Jeanne Sullivan,,"NYBERG, ERIC",666000020,,
2bdbc4a1-4f78-4df0-b554-f3270e0b5dc7,f1a58f36-349d-4407-9a80-71639f4c2e62,1020994,1020994 - JOINT - WITH RIGHTS OF S,Y,Fidelity Investments,Taxable,0,0,Jeanne Sullivan,,ZZ - MARTIN SCHMIDT,666000021,,
fc7768c1-22e8-46e6-8a46-d2a003095a32,7efbb751-f76c-427e-8983-ecfac5ebb93f,638101334,ROTH IRA,N,Fidelity Investments,Roth IRA,0,0,Jeanne Sullivan,,"LEWIS, CONNIE",666000022,,
fc7768c1-22e8-46e6-8a46-d2a003095a32,43a3ff7f-d66f-4a94-a45b-afe08e1402cc,143414301,TRADITIONAL IRA,N,Fidelity Investments,Traditional IRA,0,0,Jeanne Sullivan,,"LEWIS, CONNIE",666000022,,
fc7768c1-22e8-46e6-8a46-d2a003095a32,6d25f601-4545-4c9e-8933-714f3d943e54,638101335,INDIVIDUAL,Y,Fidelity Investments,Individual,0,0,Jeanne Sullivan,,"LEWIS, CONNIE",666000022,,
e7a1fc39-2a98-40e0-aff0-98a0bc815519,cc2a9b5a-0ae7-4da8-b914-3f52cc2e209c,638298309,638298309 - CUSTODIAL UNIFORM TRANSF,Y,Fidelity Investments,Taxable,0,0,Jeanne Sullivan,,"RICHARD, MEGHAN",666000023,,
c503d1b1-1bde-4154-8dfe-003f99f651be,1f7cf5cd-0730-4e08-a1d9-e7e8e6e3ca10,614852520D,Jane's SEP,N,Fidelity Investments,SEP IRA,0,0,Jeanne Sullivan,,DoeJohn&Jane,666000024,,
c503d1b1-1bde-4154-8dfe-003f99f651be,6bf05acf-b22c-47ea-b0aa-53054c6ffa47,613639303D,John's Rollover IRA,N,Fidelity Investments,Traditional Rollover IRA,0,0,Jeanne Sullivan,,DoeJohn&Jane,666000024,,
db7c39a8-615b-4980-8975-f4c9fd99e14f,1c1b4401-a47e-40d0-aa05-a7dae6d254be,676092350,Margaret Mary's Trust,Y,Fidelity Investments,Taxable,0,0,Jeanne Sullivan,,"BURNHAM, MARGARET MARY",666000025,,
db7c39a8-615b-4980-8975-f4c9fd99e14f,1696185f-df69-43ce-ac8f-5a41c69e4848,676097419,Robert Burnham's IRA-BDA,N,Fidelity Investments,Beneficiary IRA,0,0,Jeanne Sullivan,,"BURNHAM, MARGARET MARY",666000025,,
6673bfba-3ea9-4ebf-950e-e8ade3748198,662089d4-0f31-4c68-8b4f-64fafac9bb45,X17925870,Karen's Individual,Y,Fidelity Investments,Individual,0,0,Jeanne Sullivan,,"PORTCHNIK, GLADYS",666000027,,
6673bfba-3ea9-4ebf-950e-e8ade3748198,f706121c-df74-4a58-9e24-d415cbfe71c9,648967424,Karen's Rollover IRA,N,Fidelity Investments,Traditional Rollover IRA,0,0,Jeanne Sullivan,,"PORTCHNIK, GLADYS",666000027,,
6673bfba-3ea9-4ebf-950e-e8ade3748198,3fff2582-d371-4a6c-873d-e8cd6c90cda9,638265796,Karen Roth,N,Fidelity Investments,Roth IRA,0,0,Jeanne Sullivan,,"PORTCHNIK, GLADYS",666000027,,
cfc184b0-125d-4f60-bfdf-dc7a357cb782,45819ab2-3dd9-40b0-9a1b-a6c492ddfbaa,636904473,Phil IRA,N,Fidelity Investments,Traditional IRA,0,0,Jeanne Sullivan,,"STYMFAL, PHIL & SANDRA",666000028,,
cfc184b0-125d-4f60-bfdf-dc7a357cb782,3f5bcef9-7855-4843-b37b-78fbe297830f,671142379,Sandra IRA,N,Fidelity Investments,Traditional IRA,0,0,Jeanne Sullivan,,"STYMFAL, PHIL & SANDRA",666000028,,
cfc184b0-125d-4f60-bfdf-dc7a357cb782,03a436cd-beba-4008-9586-66cdee012c3a,676646994,Sandra Trust,Y,Fidelity Investments,Taxable,0,0,Jeanne Sullivan,,"STYMFAL, PHIL & SANDRA",666000028,,
cfc184b0-125d-4f60-bfdf-dc7a357cb782,b53cbde6-d0fa-44ad-ab04-75106e529aac,671142352,Phil Trust,Y,Fidelity Investments,Taxable,0,0,Jeanne Sullivan,,"STYMFAL, PHIL & SANDRA",666000028,,
cfc184b0-125d-4f60-bfdf-dc7a357cb782,0c83ab3a-31a5-478d-9118-9850900efd24,672574457,Phil Keogh,N,Fidelity Investments,401(k),0,0,Jeanne Sullivan,,"STYMFAL, PHIL & SANDRA",666000028,,
27ea97e2-3211-436e-b647-1c6cc8e526bd,2ac60458-9a49-4261-811e-f5aeef27afe4,1011482,1011482 - JOINT - WITH RIGHTS OF S,Y,Fidelity Investments,Taxable,0,0,Jeanne Sullivan,,ZZ - THOMAS PORTER,666000029,,
0d490c1b-c78f-4305-beff-7813e19095a2,7c0de7c5-4000-459c-a5be-8ad7ec94070a,47155782,Barbara Individual Account,Y,Schwab,Taxable,0,0,Jeanne Sullivan,,"HARRINGTON, BARBARA & JIM",666000030,,
0d490c1b-c78f-4305-beff-7813e19095a2,1674c60a-d3ee-4355-be19-51d7023b7181,10681322,Barbara Rollover IRA,N,Schwab,Traditional Rollover IRA,0,0,Jeanne Sullivan,,"HARRINGTON, BARBARA & JIM",666000030,,
0d490c1b-c78f-4305-beff-7813e19095a2,6915352d-354f-4020-9428-6c77f2db19c6,25922673,Barbara Individual Account,Y,Schwab,Taxable,0,0,Jeanne Sullivan,,"HARRINGTON, BARBARA & JIM",666000030,,
0d490c1b-c78f-4305-beff-7813e19095a2,58157d5a-a2b1-476d-8adf-03558eb2e1a5,42792248,Jim Rollover IRA,N,Schwab,Traditional Rollover IRA,0,0,Jeanne Sullivan,,"HARRINGTON, BARBARA & JIM",666000030,,
33350538-9a28-42fc-ac9c-6061389c62d0,4c685a43-9994-4573-93c0-afeb1cd06476,676563352,Chris 401(k),N,Fidelity Investments,401(k),0,0,Jeanne Sullivan,,"PIERCE, AMBROSE",666000031,,
33350538-9a28-42fc-ac9c-6061389c62d0,38214420-4834-4d41-9c47-e64b478dc3f2,672061999,Chris & Tom's Joint,Y,Fidelity Investments,Joint (JTWROS),0,0,Jeanne Sullivan,,"PIERCE, AMBROSE",666000031,,
33350538-9a28-42fc-ac9c-6061389c62d0,6c0a35b0-94e0-44bc-92e3-57e42d30d336,636862720,Chris' Roth,N,Fidelity Investments,Roth IRA,0,0,Jeanne Sullivan,,"PIERCE, AMBROSE",666000031,,
33350538-9a28-42fc-ac9c-6061389c62d0,8a8ea6b4-8540-4668-85cb-872ff4899134,636862673,Tom's Roth,N,Fidelity Investments,Roth IRA,0,0,Jeanne Sullivan,,"PIERCE, AMBROSE",666000031,,
33350538-9a28-42fc-ac9c-6061389c62d0,69cb0591-df64-4d85-a33d-97a0bcb24334,672062014,Chris' IRA,N,Fidelity Investments,Traditional IRA,0,0,Jeanne Sullivan,,"PIERCE, AMBROSE",666000031,,
33350538-9a28-42fc-ac9c-6061389c62d0,dbfb63c1-23d2-4609-b088-d311b41ee643,672062006,Tom's IRA,N,Fidelity Investments,Traditional IRA,0,0,Jeanne Sullivan,,"PIERCE, AMBROSE",666000031,,
e6b763e0-f630-4359-96cc-42135d295102,4fcf7b10-fd51-4116-9e58-9d7228920d1e,676574043,Trust,Y,Fidelity Investments,Trust,0,0,Jeanne Sullivan,,"PINNELL, LESLIE",666000032,,
e6b763e0-f630-4359-96cc-42135d295102,5c2bb1be-3a98-41b3-87dc-a420d5a7b17f,676574044,Rollover IRA,N,Fidelity Investments,Traditional Rollover IRA,0,0,Jeanne Sullivan,,"PINNELL, LESLIE",666000032,,
11eaa0c9-344a-467e-973b-ead676a40e8d,4dcfe71d-c789-4ad5-8367-a28b362841ea,638330023,Huong IRA,N,Fidelity Investments,Traditional IRA,0,0,Jeanne Sullivan,,TRINHWILFONG,666000033,,
11eaa0c9-344a-467e-973b-ead676a40e8d,b431500d-69c3-47bb-b2eb-694b23860a66,638330025,Jerry IRA,N,Fidelity Investments,Traditional IRA,0,0,Jeanne Sullivan,,TRINHWILFONG,666000033,,
11eaa0c9-344a-467e-973b-ead676a40e8d,55255086-5fe6-41a0-a99f-a6eef4f20ac2,638330024,Huong Roth,N,Fidelity Investments,Roth IRA,0,0,Jeanne Sullivan,,TRINHWILFONG,666000033,,
11eaa0c9-344a-467e-973b-ead676a40e8d,b61808f7-eedc-4580-bf84-2c65036ae13d,638330026,Jerry Roth,N,Fidelity Investments,Roth IRA,0,0,Jeanne Sullivan,,TRINHWILFONG,666000033,,
11eaa0c9-344a-467e-973b-ead676a40e8d,7ffc0242-cb52-437c-bfe2-e8b8f95aa1fa,X01383937,Joint Account,Y,Fidelity Investments,Taxable,0,0,Jeanne Sullivan,,TRINHWILFONG,666000033,,
a3983cd6-c791-49fe-a416-28bced391b3d,7c1a3893-c465-4404-8db5-4d536ea10ee0,648965375,Deb's Roth,N,Fidelity Investments,Roth IRA,0,0,Jeanne Sullivan,,"CURRAN, DEBRA",666000034,,
a3983cd6-c791-49fe-a416-28bced391b3d,4a2f6ec3-26e5-444c-bcc4-b1121f0ce7cb,101059609,Deb's IRA,N,Fidelity Investments,Traditional IRA,0,0,Jeanne Sullivan,,"CURRAN, DEBRA",666000034,,
a3983cd6-c791-49fe-a416-28bced391b3d,75601eff-b914-4e71-8c37-c577effae52d,Z72130443,Deb's TOD Individual,Y,Fidelity Investments,Transfer on Death (TOD),0,0,Jeanne Sullivan,,"CURRAN, DEBRA",666000034,,
7f8a0bb5-474b-4601-9e81-e9620e827d6a,939f51f6-c847-46c1-96e6-82fbea177079,L99739R5 SRS001 SIP201,Phil TIAA CREFNIK,Y,TIAA-CREF Financial Services,Taxable,0,0,Jeanne Sullivan,,"LEE, PHILIP",666000035,,
7f8a0bb5-474b-4601-9e81-e9620e827d6a,4d47a54e-cc27-4e8c-9770-7ab1ce6f1cf6,614651117,Phil Rollover IRA,N,Fidelity Investments,Traditional Rollover IRA,0,0,Jeanne Sullivan,,"LEE, PHILIP",666000035,,
7f8a0bb5-474b-4601-9e81-e9620e827d6a,b45fc038-c55f-4bd0-a2bc-6410faff93c3,672639591,Phil Inherited IRA,N,Fidelity Investments,Beneficiary IRA,0,0,Jeanne Sullivan,,"LEE, PHILIP",666000035,,
7f8a0bb5-474b-4601-9e81-e9620e827d6a,00f47955-fa25-44a3-94db-2afaf71f3c60,55311087,Phil Individual,Y,Schwab,Taxable,0,0,Jeanne Sullivan,,"LEE, PHILIP",666000035,,
7f8a0bb5-474b-4601-9e81-e9620e827d6a,d75b1e07-eca5-4a3c-b8da-16fada8c756e,670430293,Phil Roth IRA,N,Fidelity Investments,Roth IRA,0,0,Jeanne Sullivan,,"LEE, PHILIP",666000035,,
60299212-1f8b-42a7-a4c4-c622ea0426ed,fff424fb-8163-4947-83a7-37d7b6e5fa54,89343437,Ryan UTMA,Y,Schwab,UGMA/UTMA,0,0,Jeanne Sullivan,,BATHON - RYAN,666000036,,
a042d800-8022-48fe-81bd-243342b3832c,745f94db-8609-44f3-b39c-43a61a630a5b,128067,Sullivan Family Gift Fund,N,Fidelity Investments,Other,0,0,Jeanne Sullivan,,"XSULLIVAN, JEANNE",666000037,,
62b5aca9-9f65-41ba-b80a-334e5b64c99e,0a981a6a-a69d-494a-983d-6aa0b163d45b,624413488,Mark's 529 UTMA,Y,Fidelity Investments,UGMA/UTMA,0,0,Jeanne Sullivan,,"PORTER, MARK",666000038,,
62b5aca9-9f65-41ba-b80a-334e5b64c99e,b6ba53fb-60ed-46c5-8863-dfd871450e96,624413496,Mark's UFund,Y,Fidelity Investments,Individual,0,0,Jeanne Sullivan,,"PORTER, MARK",666000038,,
62b5aca9-9f65-41ba-b80a-334e5b64c99e,78e845c8-d03a-479b-985c-4ee495cf8b29,672061972,Mark's UTMA,Y,Fidelity Investments,UGMA/UTMA,0,0,Jeanne Sullivan,,"PORTER, MARK",666000038,,
ce89b9f2-d6e2-4b35-967b-9ffcebd78f57,0a7213d0-b3f1-4ada-a4be-b89861dc6169,36293283,Matthew UTMA,Y,Schwab,UGMA/UTMA,0,0,Jeanne Sullivan,,BATHON - MATTHEW,666000039,,
0e4a39a8-fbf8-485a-bd3f-8c4a71dffdf7,b0344c72-d461-4d08-81ee-1919a7a4b675,638134771,Sheila Rollover NIK,N,Fidelity Investments,Traditional Rollover IRA,0,0,Jeanne Sullivan,,"ADAMS, SHEILA",666000040,,
0e4a39a8-fbf8-485a-bd3f-8c4a71dffdf7,b566c952-617c-4389-a97d-6e55580c0ec6,638134818,Sheila SEP,N,Fidelity Investments,SEP IRA,0,0,Jeanne Sullivan,,"ADAMS, SHEILA",666000040,,
0e4a39a8-fbf8-485a-bd3f-8c4a71dffdf7,1d7ea490-987f-4736-9c51-3fafc7d4f78a,638134772,Sheila Roth,N,Fidelity Investments,Roth IRA,0,0,Jeanne Sullivan,,"ADAMS, SHEILA",666000040,,
0e4a39a8-fbf8-485a-bd3f-8c4a71dffdf7,2074d1f5-b078-477e-ae56-92cc31fb0fff,638206955,Sheila Individual,Y,Fidelity Investments,Individual,0,0,Jeanne Sullivan,,"ADAMS, SHEILA",666000040,,
e0e4cecf-50cc-42ef-946d-10b1c0301f85,5412d8d5-0e06-4865-9aaa-6bfa6d8b5b72,649436399,Judy's IRA,N,Fidelity Investments,Traditional IRA,0,0,Jeanne Sullivan,,"PECKHAM, JUDITH",666000041,,
bf9ee97a-e306-4337-b315-9c663a1076de,6d43c640-82d0-4b5b-9d54-a8327e0e8d1a,647878650,Mave's SEP,N,Fidelity Investments,SEP IRA,0,0,Jeanne Sullivan,,"BAUMAN, BEAVIS",666000042,,
bf9ee97a-e306-4337-b315-9c663a1076de,e00838af-0df2-41ef-aa86-2734fdbfb627,649005398,Mave's Roth,N,Fidelity Investments,Roth IRA,0,0,Jeanne Sullivan,,"BAUMAN, BEAVIS",666000042,,
bf9ee97a-e306-4337-b315-9c663a1076de,2a8f8b7f-9fec-49ee-ae71-edf915725009,647878642,Mave's Taxable Savings,Y,Fidelity Investments,Taxable,0,0,Jeanne Sullivan,,"BAUMAN, BEAVIS",666000042,,
cccbf2c4-80ad-4d9a-a3d0-3e9f7873d462,a052a202-05b5-4b16-9045-631ca3b394c2,676206923,Ted's Trust,Y,Fidelity Investments,Taxable,0,0,Jeanne Sullivan,,"x - D'ORLANDO, THEODORE",666000043,,
bed63adf-7d12-4162-a14e-659f0158c399,b7281b3e-cc4a-49cf-9dfe-24b5d28a7979,14828513,Judy's Stocks,Y,Schwab,Taxable,0,0,Jeanne Sullivan,,"SMITH, JUDY STOCKS",666000044,,
257bb7ff-adb4-43da-a1d3-c5df701352c2,8b890010-13b9-4812-8d3f-3025c26f7e47,11815785,Ann IRA,N,Schwab,Traditional IRA,0,0,Jeanne Sullivan,,"DEAGAZIO, ANN",666000045,,
257bb7ff-adb4-43da-a1d3-c5df701352c2,641efdb2-40ee-4c89-b3b6-046b6b0a2ae9,11254782,Ann Roth,N,Schwab,Roth IRA,0,0,Jeanne Sullivan,,"DEAGAZIO, ANN",666000045,,
257bb7ff-adb4-43da-a1d3-c5df701352c2,7957e536-bd8b-4657-9f41-34c5a33e2cd8,90582170,Ann TOD,Y,Schwab,Taxable,0,0,Jeanne Sullivan,,"DEAGAZIO, ANN",666000045,,
aa9a410d-5008-4efb-a0b9-3e7782caf73f,2aeea03f-d54c-4148-88b8-e8887b171801,676599445,Ann Inherited IRA,N,Fidelity Investments,Beneficiary IRA,0,0,Jeanne Sullivan,,"SHULTIS, ANN & TIM",666000046,,
aa9a410d-5008-4efb-a0b9-3e7782caf73f,9ecefbe0-47a2-4171-9dd9-1f768b8716fc,676599423,Joint Account,Y,Fidelity Investments,Taxable,0,0,Jeanne Sullivan,,"SHULTIS, ANN & TIM",666000046,,
aa9a410d-5008-4efb-a0b9-3e7782caf73f,9381267e-e051-44ac-bc67-566e452c7413,676599444,Tim Inherited IRA,N,Fidelity Investments,Beneficiary IRA,0,0,Jeanne Sullivan,,"SHULTIS, ANN & TIM",666000046,,
aa9a410d-5008-4efb-a0b9-3e7782caf73f,3204aea4-fcf4-49a7-b98e-9f3a769ced53,676606129,Ann SIMPLE IRA,N,Fidelity Investments,SIMPLE IRA,0,0,Jeanne Sullivan,,"SHULTIS, ANN & TIM",666000046,,
aa9a410d-5008-4efb-a0b9-3e7782caf73f,bfcfbe9c-2dd1-4b59-a682-c9bf6be707b5,676606128,Tim SIMPLE IRA,N,Fidelity Investments,SIMPLE IRA,0,0,Jeanne Sullivan,,"SHULTIS, ANN & TIM",666000046,,
aa9a410d-5008-4efb-a0b9-3e7782caf73f,c9989288-ed77-4fcc-81da-dd2895c5c1c2,638293642,Tim SEP,N,Fidelity Investments,Traditional IRA,0,0,Jeanne Sullivan,,"SHULTIS, ANN & TIM",666000046,,
4bdd2380-5629-4147-9fa5-2f4a61d662d7,7ab6b4da-5153-41f0-a95a-d98e37b71c09,67064665,Siobhan IRA,N,Schwab,Traditional IRA,0,0,Jeanne Sullivan,,"BRACKEN, SIOBHAN",666000047,,
2a8ddb11-6922-42c3-a7d0-f50eb83b9597,a6361ce5-903f-4ef9-a0a2-dea5e7d3f90f,638233918,Natasha UTMA,Y,Fidelity Investments,Taxable,0,0,Jeanne Sullivan,,"MATT, NATASHA",666000048,,
42663ba8-7283-4b37-9f36-84c82990c83a,15315b1d-9e19-49db-a729-cda578775e02,12882309,Pat Rollover IRA,N,Schwab,Traditional IRA,0,0,Jeanne Sullivan,,"CARROLL, BOB & PAT",666000049,,
42663ba8-7283-4b37-9f36-84c82990c83a,38cc2d61-4e1f-460c-a4d7-3713f6d9e68a,70599543,Bob Roth,N,Schwab,Roth IRA,0,0,Jeanne Sullivan,,"CARROLL, BOB & PAT",666000049,,
42663ba8-7283-4b37-9f36-84c82990c83a,17bb1ce6-ea1f-4427-954e-d1b86b953368,93578252,Bob IRA,N,Schwab,Traditional IRA,0,0,Jeanne Sullivan,,"CARROLL, BOB & PAT",666000049,,
42663ba8-7283-4b37-9f36-84c82990c83a,96823852-bcb6-4c93-9f92-c4b71e049389,65618539,Trust,Y,Schwab,Trust,0,0,Jeanne Sullivan,,"CARROLL, BOB & PAT",666000049,,
ef48c7c5-39a7-4398-ba13-115560adcd9a,7bcaf6f4-8569-4765-93cf-576588c603ad,638165983,Casey IRA,N,Fidelity Investments,Traditional IRA,0,0,Jeanne Sullivan,,MORFIT MCCOLLUM,666000050,,
ef48c7c5-39a7-4398-ba13-115560adcd9a,ab416dce-c956-49ff-9d09-e91830d11ea3,647811246,Casey Roth,N,Fidelity Investments,Roth IRA,0,0,Jeanne Sullivan,,MORFIT MCCOLLUM,666000050,,
ef48c7c5-39a7-4398-ba13-115560adcd9a,4d582817-e8b4-4e6d-b5f5-38167feb65e3,676080618,Casey SEP,N,Fidelity Investments,SEP IRA,0,0,Jeanne Sullivan,,MORFIT MCCOLLUM,666000050,,
ef48c7c5-39a7-4398-ba13-115560adcd9a,c5709046-8dad-4485-97f0-7e9773cc6fb0,646826618,Joint Account,Y,Fidelity Investments,Taxable,0,0,Jeanne Sullivan,,MORFIT MCCOLLUM,666000050,,
ef48c7c5-39a7-4398-ba13-115560adcd9a,ff769896-9c73-40bb-b33d-a04d21abd767,638165991,Caleb IRA,N,Fidelity Investments,Traditional IRA,0,0,Jeanne Sullivan,,MORFIT MCCOLLUM,666000050,,
ef48c7c5-39a7-4398-ba13-115560adcd9a,0f4ed784-bdd8-4c54-aa29-b6fe750e1ce1,647811149,Caleb Roth,N,Fidelity Investments,Roth IRA,0,0,Jeanne Sullivan,,MORFIT MCCOLLUM,666000050,,
78da792a-a41a-411d-9f40-506978c9b2bc,fdc7613a-a6ab-4786-b811-63d32322b902,638342047,Paul IRA,N,Fidelity Investments,Traditional IRA,0,0,Jeanne Sullivan,,"LUKEZ, SALLY & PAUL",666000051,,
78da792a-a41a-411d-9f40-506978c9b2bc,8c326519-e622-43bc-accb-8e5e2f60b8e3,638342176,Sally IRA,N,Fidelity Investments,Traditional IRA,0,0,Jeanne Sullivan,,"LUKEZ, SALLY & PAUL",666000051,,
78da792a-a41a-411d-9f40-506978c9b2bc,7d355b3d-d6ae-4c0b-bb64-63af1a8b6b1e,638342186,Sally Roth,N,Fidelity Investments,Roth IRA,0,0,Jeanne Sullivan,,"LUKEZ, SALLY & PAUL",666000051,,
78da792a-a41a-411d-9f40-506978c9b2bc,0dcadfea-3ad2-4485-9381-135fee9455f8,638342170,Paul Roth,N,Fidelity Investments,Roth IRA,0,0,Jeanne Sullivan,,"LUKEZ, SALLY & PAUL",666000051,,
78da792a-a41a-411d-9f40-506978c9b2bc,e0198217-b975-4e49-8864-a6c1966e0ab5,638342035,Sally Individual,Y,Fidelity Investments,Individual,0,0,Jeanne Sullivan,,"LUKEZ, SALLY & PAUL",666000051,,
fec3f618-2ce0-4680-a3dc-8bc61ad0f92c,ffcb1999-73e0-47f4-9826-f2b1be91a964,638333560,Elaine IRA,N,Fidelity Investments,Traditional IRA,0,0,Jeanne Sullivan,,"MAVROS, ELAINE",666000052,,
fec3f618-2ce0-4680-a3dc-8bc61ad0f92c,96ac23dd-36f0-4f1a-9e3a-0ed329d61f58,638334513,Elaine Individual,Y,Fidelity Investments,Individual,0,0,Jeanne Sullivan,,"MAVROS, ELAINE",666000052,,
fdc89de9-e557-4da5-acde-5287b5a344bc,ac7aa0ed-7588-4e4f-8c20-72c931995e91,14044545,Bathon Joint,Y,Schwab,Joint (JTWROS),0,-103.75,Jeanne Sullivan,,BATHON JOINT,666000053,,
f22a00fd-afd2-4541-95df-8699446097a1,a3e0f7b5-4f05-4e45-b0a2-0ea128e47dfe,645001608,Nichole Rollover IRA,N,Fidelity Investments,Traditional Rollover IRA,0,0,Jeanne Sullivan,,KATZ CIRILLO,666000054,,
f22a00fd-afd2-4541-95df-8699446097a1,79d903e0-33b5-403f-ad3f-f5276e5960d1,74981084,Gerry PCRA,N,Schwab,401(k),0,0,Jeanne Sullivan,,KATZ CIRILLO,666000054,,
f22a00fd-afd2-4541-95df-8699446097a1,77c24339-a4db-457b-bc98-ba8325ab46bc,301847283,Nichole IRA,N,Fidelity Investments,Traditional IRA,0,0,Jeanne Sullivan,,KATZ CIRILLO,666000054,,
f22a00fd-afd2-4541-95df-8699446097a1,107582e9-35df-400b-96b7-8e0410497961,645001634,Gerry Roth,N,Fidelity Investments,Roth IRA,0,0,Jeanne Sullivan,,KATZ CIRILLO,666000054,,
f22a00fd-afd2-4541-95df-8699446097a1,a158f0ee-7a96-48de-bebb-1d149685a95a,Z83710199,Joint Account,Y,Fidelity Investments,Taxable,0,0,Jeanne Sullivan,,KATZ CIRILLO,666000054,,
f22a00fd-afd2-4541-95df-8699446097a1,c9e81489-d42c-499a-8b5f-d2c3b55d7b73,645001639,Nichole Roth,N,Fidelity Investments,Roth IRA,0,0,Jeanne Sullivan,,KATZ CIRILLO,666000054,,
f22a00fd-afd2-4541-95df-8699446097a1,193686d4-8908-4f31-8a2a-1a16cda72299,L1934482 GS1001 366661,Nichole Manomet TDA,N,TIAA-CREF Financial Services,403(b),0,0,Jeanne Sullivan,,KATZ CIRILLO,666000054,,
f22a00fd-afd2-4541-95df-8699446097a1,35357f8e-07db-4c4f-889d-702635790efb,C9676358 RA6001 366660,Nichole Manomet Retirement Plan,N,TIAA-CREF Financial Services,403(b),0,0,Jeanne Sullivan,,KATZ CIRILLO,666000054,,
f22a00fd-afd2-4541-95df-8699446097a1,febdc080-3dbc-4612-bb71-eea86c07d3d7,301756D0 GR1001 368902,Nichole UUS 403(b),N,TIAA-CREF Financial Services,403(b),0,0,Jeanne Sullivan,,KATZ CIRILLO,666000054,,
f22a00fd-afd2-4541-95df-8699446097a1,a20d6265-8951-4b10-b593-9fbd9eaacd9a,301616613,Gerry Rollover IRA,N,Fidelity Investments,Traditional Rollover IRA,0,0,Jeanne Sullivan,,KATZ CIRILLO,666000054,,
805ba828-8498-425e-b14c-1473a19dae5e,53e65636-2793-43ee-993e-e15a676be072,21281980,Jeremy IRA,N,Schwab,Traditional IRA,0,0,Jeanne Sullivan,,"BEHRLE, JEREMY",666000055,,
805ba828-8498-425e-b14c-1473a19dae5e,894a6077-c090-48c6-8846-6e32453c809e,29070373,Matthew Behrle Irr Trust,Y,Schwab,Taxable,0,0,Jeanne Sullivan,,"BEHRLE, JEREMY",666000055,,
805ba828-8498-425e-b14c-1473a19dae5e,6e013cc5-f445-4beb-9a8a-79e83f955976,60657736,Jeremy Trust,Y,Schwab,Taxable,0,0,Jeanne Sullivan,,"BEHRLE, JEREMY",666000055,,
f46aa39c-6b07-4f5b-baa6-f53dcb612e2b,2c041bce-2093-4209-84ed-392c512ca81f,637212806,Jess & Jed's Joint,Y,Fidelity Investments,Joint (JTWROS),0,0,Jeanne Sullivan,,TIGHE-MORFIT,666000056,,
f46aa39c-6b07-4f5b-baa6-f53dcb612e2b,03ac22d4-0cb2-465c-b298-4da67d4ba7b1,676297034,Jess 401(k),N,Fidelity Investments,401(k),0,0,Jeanne Sullivan,,TIGHE-MORFIT,666000056,,
f46aa39c-6b07-4f5b-baa6-f53dcb612e2b,f9f81cc9-996f-4b0e-8408-0e5122bb3a77,676297035,Jed 401(k),N,Fidelity Investments,401(k),0,0,Jeanne Sullivan,,TIGHE-MORFIT,666000056,,
f46aa39c-6b07-4f5b-baa6-f53dcb612e2b,02ce931d-bc5d-4c0f-8c27-ccddfb7e7ac2,F0074JF8 RS1001 406842,F0074JF8 RS1001 406842,N,TIAA-CREF Financial Services,Traditional IRA,0,0,Jeanne Sullivan,,TIGHE-MORFIT,666000056,,
f46aa39c-6b07-4f5b-baa6-f53dcb612e2b,7a7f847e-eec9-4a0a-9848-2213f23091d1,637212865,Jed's Roth,N,Fidelity Investments,Roth IRA,0,0,Jeanne Sullivan,,TIGHE-MORFIT,666000056,,
f46aa39c-6b07-4f5b-baa6-f53dcb612e2b,6333ee8d-3da3-44b6-ab3e-0ea9ac5a3a33,32776601 GR1001 334688,Jess' SFU HS DC Plan,N,TD Ameritrade Institutional,403(b),0,0,Jeanne Sullivan,,TIGHE-MORFIT,666000056,,
f46aa39c-6b07-4f5b-baa6-f53dcb612e2b,c90d96e0-4f79-4b0f-acd5-fdd3335fb306,637213217,Jess' Roth,N,Fidelity Investments,Roth IRA,0,0,Jeanne Sullivan,,TIGHE-MORFIT,666000056,,
f46aa39c-6b07-4f5b-baa6-f53dcb612e2b,277b98b4-1ea8-4649-9519-9b1b1c7b5178,637246573,Jed's IRA,N,Fidelity Investments,Traditional IRA,0,0,Jeanne Sullivan,,TIGHE-MORFIT,666000056,,
f46aa39c-6b07-4f5b-baa6-f53dcb612e2b,1025a944-96fd-4eb4-a89e-5d4db763d65e,L1970197 GS1001 334689,Jess' SFU HS TDA,N,TD Ameritrade Institutional,403(b),0,0,Jeanne Sullivan,,TIGHE-MORFIT,666000056,,
f46aa39c-6b07-4f5b-baa6-f53dcb612e2b,4cfc6381-e776-4737-9553-ff4d32ca6ca4,37779105 GR1001 104212,Jess' Brown Deferred Vesting Plan,N,TD Ameritrade Institutional,403(b),0,0,Jeanne Sullivan,,TIGHE-MORFIT,666000056,,
f46aa39c-6b07-4f5b-baa6-f53dcb612e2b,08205df8-4c91-4e6c-b0c9-42e860ee5f9a,39136775 GR1001 100795,Jed's 401(a),N,TD Ameritrade Institutional,401(a),0,0,Jeanne Sullivan,,TIGHE-MORFIT,666000056,,
4282edcb-a78d-41f8-9e00-6bdaa9fcc867,024c2d8e-2fb9-43fa-94dc-8e36783dc263,638298321,638298321 - CUSTODIAL UNIFORM TRANSF,Y,Fidelity Investments,Taxable,0,0,Jeanne Sullivan,,"RICHARD, ZACHARY",666000057,,
d532bfcd-b8b9-4ff9-a4f1-775f0e95ce44,190933e2-af51-4d20-b3de-602382d2f5fc,613697656,Luke's UTMA,Y,Fidelity Investments,UGMA/UTMA,0,0,Jeanne Sullivan,,"SULLIVAN, LUKE UTMA & COVERDELL",666000058,,
d532bfcd-b8b9-4ff9-a4f1-775f0e95ce44,b8e2a4c1-ca27-4b96-b878-a15c0ccbe406,21912210,Luke's ESA,N,Schwab,Education IRA / Coverdell,0,0,Jeanne Sullivan,,"SULLIVAN, LUKE UTMA & COVERDELL",666000058,,
7ade4592-1cce-4bcb-ba37-0cd560f18b5c,9c62aaa7-d582-483e-9ed9-91dfb7a0bf0d,15181974,Patrick UTMA,Y,Schwab,UGMA/UTMA,0,0,Jeanne Sullivan,,BATHON - PATRICK,666000059,,
6fd33839-bad7-4907-a86c-eab0abacf037,c019cb88-afb0-4ad4-b52c-7a85c18d97dc,638118509,638118509 - ROTH IRA,N,Fidelity Investments,Roth IRA,0,0,Jeanne Sullivan,,"SULLIVAN, CONNOR ROTH",666000060,,
6fd33839-bad7-4907-a86c-eab0abacf037,03fad4a6-3317-4896-bb74-3fa59a3f3a8a,66132149,Connor Roth IRA,N,Schwab,Roth IRA,0,0,Jeanne Sullivan,,"SULLIVAN, CONNOR ROTH",666000060,,
7035124f-b1a5-43b9-8a1c-8c7bb95a688b,f4e887a0-c3f5-4db5-b0f5-63c7c1786dc7,636856517,Marshall and Grace Joint Account,Y,Fidelity Investments,Joint (JTWROS),0,0,Jeanne Sullivan,,"EDWARDS, MARSHALL AND GRACE",666000061,,
7035124f-b1a5-43b9-8a1c-8c7bb95a688b,8276a9f3-6425-4a01-85fd-512c8cf365a7,636856258,Grace's IRA,N,Fidelity Investments,Traditional IRA,0,0,Jeanne Sullivan,,"EDWARDS, MARSHALL AND GRACE",666000061,,
7035124f-b1a5-43b9-8a1c-8c7bb95a688b,f01b21fe-f4d8-4cf2-9275-bde0d1c0c5bc,636854140,Marshall's IRA,N,Fidelity Investments,Traditional IRA,0,0,Jeanne Sullivan,,"EDWARDS, MARSHALL AND GRACE",666000061,,
465c8f97-57c9-4666-a8a7-e28fb54be0e1,7eb66df8-2f00-4b21-bf93-291ba6fcd95b,638186655,Tom Trust,Y,Fidelity Investments,Taxable,0,0,Jeanne Sullivan,,JACOPPO-WOOD,666000062,,
465c8f97-57c9-4666-a8a7-e28fb54be0e1,af13454d-4913-42f3-9080-648cd7899098,117821284,Karen Rollover IRA,N,Fidelity Investments,Traditional Rollover IRA,0,0,Jeanne Sullivan,,JACOPPO-WOOD,666000062,,
465c8f97-57c9-4666-a8a7-e28fb54be0e1,a4bb721d-ec61-41fe-8e18-1e514d58887c,638180293,Tom Rollover IRA,N,Fidelity Investments,Traditional Rollover IRA,0,0,Jeanne Sullivan,,JACOPPO-WOOD,666000062,,
465c8f97-57c9-4666-a8a7-e28fb54be0e1,c6180ff2-661f-4034-9140-7ba822561902,638186638,Karen Trust,Y,Fidelity Investments,Taxable,0,0,Jeanne Sullivan,,JACOPPO-WOOD,666000062,,
465c8f97-57c9-4666-a8a7-e28fb54be0e1,921a011d-81ee-447a-88e5-41ab8b2506bc,638186623,Joint Account,Y,Fidelity Investments,Taxable,0,0,Jeanne Sullivan,,JACOPPO-WOOD,666000062,,
5baf1eae-22a4-4304-a488-28601589e56d,bfc26612-4c71-4caa-b81b-8364d7d2b3aa,86748540,Peg Trust,Y,Schwab,Trust,0,0,Jeanne Sullivan,,"SULLIVAN, PEG",666000063,,
5baf1eae-22a4-4304-a488-28601589e56d,e0d4462b-3923-4f53-94d8-1ebe7337e9b4,86455313,Peg IRA,N,Schwab,Traditional IRA,0,0,Jeanne Sullivan,,"SULLIVAN, PEG",666000063,,
863301fc-20bb-40e3-8d5e-7e30701322ae,47b7c5ae-abe0-4229-8ed1-8a59501119ab,613639303,Cathy's Rollover IRA,N,Fidelity Investments,Traditional Rollover IRA,0,0,Jeanne Sullivan,,"EDWARDS, CATHY",666000064,,
863301fc-20bb-40e3-8d5e-7e30701322ae,bb166b6d-ac28-4e91-97b3-007108a6fa02,614852520,Cathy's SEP,N,Fidelity Investments,SEP IRA,0,0,Jeanne Sullivan,,"EDWARDS, CATHY",666000064,,
0070b4ef-5ce4-4d25-b1ac-0298a792a6a1,b5802da3-7c21-49be-bd0b-8d0503b137b5,676079919,Debbie's Rollover IRA,N,Fidelity Investments,Traditional Rollover IRA,0,-4.18,Jeanne Sullivan,,"KITZMILLER, DEBBIE AND DAVID",666000065,,
0070b4ef-5ce4-4d25-b1ac-0298a792a6a1,067c7c1f-d358-4a0c-a035-d50d864c082a,638084263,Debbie's Roth,N,Fidelity Investments,Roth IRA,0,0,Jeanne Sullivan,,"KITZMILLER, DEBBIE AND DAVID",666000065,,
0070b4ef-5ce4-4d25-b1ac-0298a792a6a1,dacc97ce-c74d-4f61-a880-c29abd5f9b95,676079925,David's Rollover IRA,N,Fidelity Investments,Traditional Rollover IRA,0,0,Jeanne Sullivan,,"KITZMILLER, DEBBIE AND DAVID",666000065,,
0070b4ef-5ce4-4d25-b1ac-0298a792a6a1,34feb32e-2baf-493f-b637-698570ffb8d4,645003040,David's Roth,N,Fidelity Investments,Roth IRA,0,0,Jeanne Sullivan,,"KITZMILLER, DEBBIE AND DAVID",666000065,,
234ccce9-011f-49bc-a06c-db3ef0526a5a,4c91e5dc-72ee-40e9-83f8-7a84783e82b5,26291600,Susi IRA,N,Schwab,Traditional IRA,50.75,500.15,Jeanne Sullivan,,"STODIECK, JOHN & SUSI",666000066,,
234ccce9-011f-49bc-a06c-db3ef0526a5a,d3177b48-e645-4881-99d3-7c7335d8bce1,221258695,John Rollover IRA,N,Fidelity Investments,Traditional Rollover IRA,0,0,Jeanne Sullivan,,"STODIECK, JOHN & SUSI",666000066,,
234ccce9-011f-49bc-a06c-db3ef0526a5a,09b6097e-a7ec-46b5-94b3-dbc3c4a7194a,83007334,Susi Roth,N,Schwab,Roth IRA,0,0,Jeanne Sullivan,,"STODIECK, JOHN & SUSI",666000066,,
234ccce9-011f-49bc-a06c-db3ef0526a5a,cafd86cf-856b-44a5-8d3e-b0a85247d2ce,209951315,John Roth,N,Fidelity Investments,Roth IRA,0,0,Jeanne Sullivan,,"STODIECK, JOHN & SUSI",666000066,,
234ccce9-011f-49bc-a06c-db3ef0526a5a,0278bbaa-8364-4aa2-ade7-1bd04aa6044b,63349199,John Roth,N,Schwab,Roth IRA,0,0,Jeanne Sullivan,,"STODIECK, JOHN & SUSI",666000066,,
234ccce9-011f-49bc-a06c-db3ef0526a5a,33e77bd1-4ec6-4204-b3ef-e4c72193e02c,83278537,John IRA,N,Schwab,Traditional IRA,0,0,Jeanne Sullivan,,"STODIECK, JOHN & SUSI",666000066,,
2d6d70f5-2302-449f-b13a-ad8ccc248dfe,2fe4c20f-1968-44c9-a960-698d78af8e5e,636638552,Raymond's IDA,Y,Fidelity Investments,Individual,0,0,Jeanne Sullivan,,"DOUGAN, RAYMOND",666000067,,
18ed9e07-072f-4172-9b87-e743dd41990d,ece04523-7c62-42e6-9870-86ef987ad607,649555487,Brian's Rollover IRA,N,Fidelity Investments,Traditional Rollover IRA,0,0,Jeanne Sullivan,,"SULLIVAN, BRIAN",666000068,,
5c308d63-4d22-45bc-b2bb-f86575646b8e,6b55cd4f-8c0d-4f7c-b3f5-d7a874f2ebd8,672888974,Jenifer Roth IRA,N,Fidelity Investments,Roth IRA,0,0,Jeanne Sullivan,,"GAMBER, JENIFER & ED",666000069,,
5c308d63-4d22-45bc-b2bb-f86575646b8e,f63bf3c8-b6cc-40ed-9364-1c27dfef83b8,C1686645 RA6001 104585,Lafayette College Retirement Plan,N,TIAA-CREF Financial Services,403(b),0,0,Jeanne Sullivan,,"GAMBER, JENIFER & ED",666000069,,
5c308d63-4d22-45bc-b2bb-f86575646b8e,56ac4645-d123-4c9c-b6b9-f84f86a85434,672888966,Jenifer Inherited IRA,N,Fidelity Investments,Beneficiary IRA,0,0,Jeanne Sullivan,,"GAMBER, JENIFER & ED",666000069,,
5c308d63-4d22-45bc-b2bb-f86575646b8e,c127d928-346a-4907-981d-5c98044b7ee1,672888923,Joint Account,Y,Fidelity Investments,Taxable,0,0,Jeanne Sullivan,,"GAMBER, JENIFER & ED",666000069,,
5c308d63-4d22-45bc-b2bb-f86575646b8e,1b79a44a-1da4-4f6c-b940-5bf8c2d25503,672888940,Ed IRA,N,Fidelity Investments,Traditional IRA,0,0,Jeanne Sullivan,,"GAMBER, JENIFER & ED",666000069,,
5c308d63-4d22-45bc-b2bb-f86575646b8e,121eebe4-eb9b-4795-b42c-7046dd64bd27,L99945R5 SRS001 SIP201,Jenifer Inherited TIAA CREF Account,N,TIAA-CREF Financial Services,403(b),0,0,Jeanne Sullivan,,"GAMBER, JENIFER & ED",666000069,,
5c308d63-4d22-45bc-b2bb-f86575646b8e,b944c8f4-f321-4c41-934e-11b1b4d157de,C1686645 RA6001 104586,Lafayette College Supplemental Retirement Plan - RA,N,TIAA-CREF Financial Services,403(b),0,0,Jeanne Sullivan,,"GAMBER, JENIFER & ED",666000069,,
5c308d63-4d22-45bc-b2bb-f86575646b8e,7616777c-70fb-44a4-8207-57fbcf1c277a,K5192949 GS1001 104586,Lafayette College Supplemental Retirement Plan - GSRA,N,TIAA-CREF Financial Services,403(b),0,0,Jeanne Sullivan,,"GAMBER, JENIFER & ED",666000069,,
5c308d63-4d22-45bc-b2bb-f86575646b8e,9b05424e-36ed-4544-ba20-b2decbf6d251,672888958,Jenifer SEP,N,Fidelity Investments,SEP IRA,0,0,Jeanne Sullivan,,"GAMBER, JENIFER & ED",666000069,,
5c308d63-4d22-45bc-b2bb-f86575646b8e,cede9b23-cdc6-4c48-9822-d2150667f631,672888931,Ed Roth IRA,N,Fidelity Investments,Roth IRA,0,0,Jeanne Sullivan,,"GAMBER, JENIFER & ED",666000069,,
a80edec6-873b-45c0-aa5a-36cd8fdcbfd5,3d5d422d-54b2-4f0c-bdfd-e1e8a5f05c75,614411027,Will's Roth,N,Fidelity Investments,Roth IRA,0,0,Jeanne Sullivan,,"MILLS, HOLLY AND WILL",666000070,,
a80edec6-873b-45c0-aa5a-36cd8fdcbfd5,3da868d7-2dec-4f5e-a226-835479f3c6b3,614411035,Holly's Roth,N,Fidelity Investments,Roth IRA,0,0,Jeanne Sullivan,,"MILLS, HOLLY AND WILL",666000070,,
a80edec6-873b-45c0-aa5a-36cd8fdcbfd5,436c0998-bbe5-4aaa-90a2-4ffd78ccd522,614568937,Mills Joint,Y,Fidelity Investments,Joint (JTWROS),0,0,Jeanne Sullivan,,"MILLS, HOLLY AND WILL",666000070,,
eb558272-5bda-4744-9d15-967f3ab19dc1,61d75a2f-6b6e-48e2-8830-7167ff2452b5,672228036,Erica Beneficiary IRA,N,Fidelity Investments,Beneficiary IRA,0,0,Jeanne Sullivan,,"SCHMIDT, ERICA",666000071,,
eb558272-5bda-4744-9d15-967f3ab19dc1,4af05528-4ebe-4f69-b586-394960633a12,672228028,Erica Roth,N,Fidelity Investments,Roth IRA,0,0,Jeanne Sullivan,,"SCHMIDT, ERICA",666000071,,
eb558272-5bda-4744-9d15-967f3ab19dc1,9d503db3-fc30-40eb-8f6f-53a97d9c81ce,672228052,Erica's Individual,Y,Fidelity Investments,Individual,0,0,Jeanne Sullivan,,"SCHMIDT, ERICA",666000071,,
eb558272-5bda-4744-9d15-967f3ab19dc1,b7157755-665e-4847-8a4d-a03b0a20feea,672228044,Erica Rollover IRA,N,Fidelity Investments,Traditional Rollover IRA,0,0,Jeanne Sullivan,,"SCHMIDT, ERICA",666000071,,
f5da2a15-5309-4683-a41e-b800923cf0e1,3db02331-506a-458a-b8b0-af419324cb99,638180928,Greg IRA,N,Fidelity Investments,Traditional IRA,0,0,Jeanne Sullivan,,"RYAN, CYNTHIA & GREG",666000072,,
f5da2a15-5309-4683-a41e-b800923cf0e1,46d79e90-842c-4e93-ad4e-288c50b5bee8,638180927,Cynthia Rollover IRA,N,Fidelity Investments,Traditional Rollover IRA,0,0,Jeanne Sullivan,,"RYAN, CYNTHIA & GREG",666000072,,
2ad3599c-76ce-4835-b3fc-97c4e3b5e408,09e3b20b-e335-4106-854f-de9d3a82c2f5,638313308,Stephen Roth IRA,N,Fidelity Investments,Roth IRA,0,0,Jeanne Sullivan,,"SHOAP, STEPHEN & LORRAINE",666000073,,
da146b35-3abd-4a18-901f-d71922df21db,74bc446d-e029-48fb-8ad0-c4f52b3b2abb,480221082,Lori's IRA,N,Fidelity Investments,Roth IRA,0,0,Jeanne Sullivan,,"MURPHY, LORI AND PAT",666000074,,
da146b35-3abd-4a18-901f-d71922df21db,383d9a5a-7fee-4148-9476-0920639ca951,480221090,Lori's Roth,N,Fidelity Investments,Taxable,0,0,Jeanne Sullivan,,"MURPHY, LORI AND PAT",666000074,,
da146b35-3abd-4a18-901f-d71922df21db,d7c13bb6-c34f-4e1a-b1f6-0e058d2c5f51,673819859,Pat's SIMPLE,N,Fidelity Investments,SIMPLE IRA,0,0,Jeanne Sullivan,,"MURPHY, LORI AND PAT",666000074,,
da146b35-3abd-4a18-901f-d71922df21db,52490c84-57a4-49c6-a572-718cf714e7fa,480222364,Pat's Roth,N,Fidelity Investments,Roth IRA,0,0,Jeanne Sullivan,,"MURPHY, LORI AND PAT",666000074,,
da146b35-3abd-4a18-901f-d71922df21db,58f40ade-aaa4-443f-a323-abe1c2f6dc83,480222372,Pat's IRA,N,Fidelity Investments,Traditional IRA,0,0,Jeanne Sullivan,,"MURPHY, LORI AND PAT",666000074,,
da146b35-3abd-4a18-901f-d71922df21db,83dcc4ab-697a-4db9-8696-ca0a38369dd0,486282871,Lori's IRA-BDA,N,Fidelity Investments,Beneficiary IRA,0,0,Jeanne Sullivan,,"MURPHY, LORI AND PAT",666000074,,
ef9df8ca-0bae-4815-9a18-ceeab90716d8,90d1ab18-0898-4dae-8980-974036b111a8,676170352,Joint Account,Y,Fidelity Investments,Joint (JTWROS),0,0,Jeanne Sullivan,,RICKLEY NIEWENHOUS,666000075,,
ef9df8ca-0bae-4815-9a18-ceeab90716d8,1c1fd846-d106-430d-bbf8-8e4c5694aff9,217498814,Mike Rollover IRA,N,Fidelity Investments,Traditional Rollover IRA,0,0,Jeanne Sullivan,,RICKLEY NIEWENHOUS,666000075,,
ef9df8ca-0bae-4815-9a18-ceeab90716d8,b4789cb6-254d-4925-bed3-d3bb78d8f388,676170362,Daria SEP,N,Fidelity Investments,SEP IRA,0,0,Jeanne Sullivan,,RICKLEY NIEWENHOUS,666000075,,
960b54da-2346-49ee-899c-db7ef073057f,7e187797-9652-4505-a67f-ad6f5c8a9ca8,174329657,Rollover IRA,N,Fidelity Investments,Traditional Rollover IRA,0,0,Jeanne Sullivan,,"SAUNDERS, JILL",666000076,,
960b54da-2346-49ee-899c-db7ef073057f,4179d261-ea06-4e81-9b79-fab79df13e0c,X78359576,Individual Account,Y,Fidelity Investments,Individual,0,0,Jeanne Sullivan,,"SAUNDERS, JILL",666000076,,
4c09ad96-095f-481f-be38-549984ac708a,112edcf0-f433-4d47-9734-f04589e3b413,638177958,Wade Roth,N,Fidelity Investments,Roth IRA,0,0,Jeanne Sullivan,,"WILLWERTH, WADE & LORRAINE",666000077,,
4c09ad96-095f-481f-be38-549984ac708a,c4ba84d1-5a7c-47e3-a1b6-d051dcb077cc,638177960,Lorraine Roth,N,Fidelity Investments,Roth IRA,0,0,Jeanne Sullivan,,"WILLWERTH, WADE & LORRAINE",666000077,,
4c09ad96-095f-481f-be38-549984ac708a,78382f8c-6f72-4153-96e0-8fb3ebe83707,676351479,Joint Account,Y,Fidelity Investments,Taxable,0,0,Jeanne Sullivan,,"WILLWERTH, WADE & LORRAINE",666000077,,
4c09ad96-095f-481f-be38-549984ac708a,b0bee217-90b7-449f-8260-34e3374d59bf,638348633,Lorraine IRA,N,Fidelity Investments,Traditional IRA,0,0,Jeanne Sullivan,,"WILLWERTH, WADE & LORRAINE",666000077,,
4c09ad96-095f-481f-be38-549984ac708a,af9ac6b3-4edd-4d69-a17d-1e566b09652c,638180938,Wade Rollover IRA,N,Fidelity Investments,Traditional Rollover IRA,0,0,Jeanne Sullivan,,"WILLWERTH, WADE & LORRAINE",666000077,,
e3fe8d5f-a8bd-4781-8b2a-7ba9ba7488e5,67c7c0c8-b299-43e0-8a49-0271e8cda125,51448307,Susan Rollover,N,Schwab,Traditional IRA,0,0,Jeanne Sullivan,,"BATHON, SUSAN",666000078,,
e3fe8d5f-a8bd-4781-8b2a-7ba9ba7488e5,204017e1-864b-4e04-9ea6-1ff223720f5a,14044530,Susan's IRA,N,Schwab,Traditional IRA,0,0,Jeanne Sullivan,,"BATHON, SUSAN",666000078,,
6a16deee-e784-4cce-ba9e-2a03f1b19997,8a77d2cb-7bdd-43bb-8b61-0b458cacc28a,638096209,638096209 - INDIVIDUAL,Y,Fidelity Investments,Individual,0,0,Jeanne Sullivan,,"D'ORLANDO, CHARLES",666000079,,
6a16deee-e784-4cce-ba9e-2a03f1b19997,7c6f2a24-d71d-46e7-a00f-e63ee6e29ec3,638141031,638141031 - ROTH IRA,N,Fidelity Investments,Roth IRA,0,0,Jeanne Sullivan,,"D'ORLANDO, CHARLES",666000079,,
6a16deee-e784-4cce-ba9e-2a03f1b19997,8717d75c-c3a1-468b-9bfc-10b58f794671,614030619,Charlie's UTMA,Y,Fidelity Investments,UGMA/UTMA,0,0,Jeanne Sullivan,,"D'ORLANDO, CHARLES",666000079,,
9b79a60b-cf03-4aff-b70a-0895cef7d86a,17c42fdb-ccdf-4891-9695-9cb8239711b1,676087546,Rosanne's Individual ,Y,Fidelity Investments,Individual,0,0,Jeanne Sullivan,,"X - AVERILL, ROSANNE",666000080,,
488b0d67-b18f-4df4-8bcb-5153d7d23381,8eec532a-d1f7-44bd-8158-f37b8f875f59,215505188,Mandy Roth,N,Fidelity Investments,Roth IRA,0,0,Jeanne Sullivan,,"MAGEE, MANDY & JOSHH",666000081,,
488b0d67-b18f-4df4-8bcb-5153d7d23381,a0b6f31d-84c4-4075-b6a9-b7ddb2b7d0b0,L46962A1 GS1001 102794,Joshh Tax Sheltered Annuity Plan,N,TIAA-CREF Financial Services,403(b),0,0,Jeanne Sullivan,,"MAGEE, MANDY & JOSHH",666000081,,
488b0d67-b18f-4df4-8bcb-5153d7d23381,f91b528f-b7bd-4f48-9e98-6948d09be73f,304119A2 GR1001 102795,Joshh Partner's Corporate Plan,N,TIAA-CREF Financial Services,403(b),0,0,Jeanne Sullivan,,"MAGEE, MANDY & JOSHH",666000081,,
488b0d67-b18f-4df4-8bcb-5153d7d23381,48d0fcf2-1466-42e2-8a32-ce3dc26b7d7a,Mandy401k,Mandy 401k,N,Microsoft Excel,401(k),0,0,Jeanne Sullivan,,"MAGEE, MANDY & JOSHH",666000081,,
488b0d67-b18f-4df4-8bcb-5153d7d23381,e394a535-d7f4-400a-8b7f-58181ce527ac,649152145,Mandy's SIMPLE,N,Fidelity Investments,SIMPLE IRA,0,0,Jeanne Sullivan,,"MAGEE, MANDY & JOSHH",666000081,,
488b0d67-b18f-4df4-8bcb-5153d7d23381,5f302315-f97b-4b96-abe2-0db3d8a6d3d6,197954454,Mandy IRA,N,Fidelity Investments,Traditional IRA,0,0,Jeanne Sullivan,,"MAGEE, MANDY & JOSHH",666000081,,
2065b082-08c8-4421-9703-94db674ed0a2,ada276f1-4e92-4b05-8f02-55f0bf595e67,47186736,Renee IRA,N,Schwab,Traditional IRA,0,0,Jeanne Sullivan,,HEFFERNAN SANDELOWSKY,666000082,,
2065b082-08c8-4421-9703-94db674ed0a2,5324afd0-5eaa-4812-8980-626c5369af09,27472702,Pat IRA,N,Schwab,Traditional IRA,0,0,Jeanne Sullivan,,HEFFERNAN SANDELOWSKY,666000082,,
7d738268-eb00-4e92-90da-723b0248b667,64a41170-236b-4a98-81d5-913c7ec31e2e,672061980,Brad's UTMA,Y,Fidelity Investments,UGMA/UTMA,0,0,Jeanne Sullivan,,"PORTER, BRADLEY",666000083,,
7d738268-eb00-4e92-90da-723b0248b667,ef2ebfd5-d3b9-42d4-ba13-219e02122520,638118507,Brad Roth,N,Fidelity Investments,Roth IRA,0,0,Jeanne Sullivan,,"PORTER, BRADLEY",666000083,,
7d738268-eb00-4e92-90da-723b0248b667,de9ec9e5-a205-43cd-8317-006865e294f2,624413500,Brad's UFund,Y,Fidelity Investments,Individual,0,0,Jeanne Sullivan,,"PORTER, BRADLEY",666000083,,
da5e40c2-0453-4010-a857-e42f5f2c587d,adb396d5-4131-49e7-90e1-d76a7cbcb28c,8025631,8025631,Y,Schwab,Taxable,0,0,Jeanne Sullivan,,FINANCIALLY IN TUNE,666000084,,
da5e40c2-0453-4010-a857-e42f5f2c587d,8f7e4fe8-8c3c-4690-b300-598551ae3f4c,656229592,656229592 - CORPORATION,Y,Fidelity Investments,Corporation - Taxable,0,0,Jeanne Sullivan,,FINANCIALLY IN TUNE,666000084,,
da5e40c2-0453-4010-a857-e42f5f2c587d,3316093a-c23b-405f-9fea-f8621603fbaf,647737810,647737810 - CORPORATION,Y,Fidelity Investments,Corporation - Taxable,0,0,Jeanne Sullivan,,FINANCIALLY IN TUNE,666000084,,
da5e40c2-0453-4010-a857-e42f5f2c587d,9ee5f313-7277-4f47-aa26-aff38e019a65,8068427,8068427,Y,Schwab,Taxable,0,0,Jeanne Sullivan,,FINANCIALLY IN TUNE,666000084,,
da5e40c2-0453-4010-a857-e42f5f2c587d,64f24de0-a863-4106-916c-401063acc676,29648955,29648955,Y,Schwab,Taxable,0,0,Jeanne Sullivan,,FINANCIALLY IN TUNE,666000084,,
da5e40c2-0453-4010-a857-e42f5f2c587d,dd75ce2b-8b97-4b77-aca9-87886524518a,612120952,612120952 - CORPORATION,Y,Fidelity Investments,Corporation - Taxable,0,0,Jeanne Sullivan,,FINANCIALLY IN TUNE,666000084,,
da5e40c2-0453-4010-a857-e42f5f2c587d,436c9a93-3f1b-40b1-81de-339468857a3c,44957188,44957188,Y,Schwab,Taxable,0,0,Jeanne Sullivan,,FINANCIALLY IN TUNE,666000084,,
4eb6819b-cefe-485c-8431-56b4a958a97b,30dc3d52-7492-483f-8ec3-50b83d394f9f,78699998,Valerie IRA,N,Schwab,Traditional IRA,0,0,Jeanne Sullivan,,"SCHLITT, VALERIE",666000085,,
4eb6819b-cefe-485c-8431-56b4a958a97b,366e6fba-ee72-43e1-93a8-462fa4e2f824,10992937,Valerie Roth,N,Schwab,Roth IRA,0,0,Jeanne Sullivan,,"SCHLITT, VALERIE",666000085,,
0236447a-c237-43b4-91b3-dd070535b4da,b293de78-7ae5-4326-a792-704260942541,128067D,128067 - JOINT - WITH RIGHTS OF S,Y,Fidelity Investments,Taxable,0,0,Jeanne Sullivan,,ZZ - JEANNE SULLIVAN,666000086,,
939782a3-ec3d-4f47-9ff9-c1bf2949394f,ef703690-df54-4039-b602-7a50c105386f,675331066,Helene's Individual,Y,Fidelity Investments,Individual,0,0,Jeanne Sullivan,,"SULLIVAN, HELENE",666000087,,
939782a3-ec3d-4f47-9ff9-c1bf2949394f,f39363e2-05a0-4fa0-b7d7-11a4c4094c8b,638056936,Helene's Roth,N,Fidelity Investments,Roth IRA,0,0,Jeanne Sullivan,,"SULLIVAN, HELENE",666000087,,
939782a3-ec3d-4f47-9ff9-c1bf2949394f,5dadf373-c64f-41dc-b5c2-4a477e8f9d52,159801844,Helene's Rollover IRA,N,Fidelity Investments,Traditional Rollover IRA,0,0,Jeanne Sullivan,,"SULLIVAN, HELENE",666000087,,
c50f5e2a-6705-48c4-b823-85c984407f0e,8c48da38-5622-4518-8534-e925dc1522bf,10662097,Evie's IRA,N,Schwab,Traditional IRA,0,0,Jeanne Sullivan,,"SAUNDERS, EVIE AND BOB",666000088,,
c50f5e2a-6705-48c4-b823-85c984407f0e,103216c2-0dea-4ded-8767-d4de9d3916d9,40463571,Bob's Roth,N,Schwab,Roth IRA,0,0,Jeanne Sullivan,,"SAUNDERS, EVIE AND BOB",666000088,,
c50f5e2a-6705-48c4-b823-85c984407f0e,8cf811d7-0af5-4701-9453-732e222850b1,624500020,624500020 - INDIVIDUAL (TRANSFER ON,Y,Fidelity Investments,Individual,0,0,Jeanne Sullivan,,"SAUNDERS, EVIE AND BOB",666000088,,
c50f5e2a-6705-48c4-b823-85c984407f0e,cf1438d8-57d3-47eb-84db-f8963358fc00,624500011,624500011 - INDIVIDUAL (TRANSFER ON,Y,Fidelity Investments,Individual,0,0,Jeanne Sullivan,,"SAUNDERS, EVIE AND BOB",666000088,,
c50f5e2a-6705-48c4-b823-85c984407f0e,84f9ee69-7735-4c99-97e6-d1b3a4e34d2d,51146072,Bob's IRA,N,Schwab,Traditional IRA,0,0,Jeanne Sullivan,,"SAUNDERS, EVIE AND BOB",666000088,,
c50f5e2a-6705-48c4-b823-85c984407f0e,12b83045-123a-4b43-81b7-4bedc32cc5ea,21225452,Evie & Bob Joint,Y,Schwab,Joint (JTWROS),0,0,Jeanne Sullivan,,"SAUNDERS, EVIE AND BOB",666000088,,
c50f5e2a-6705-48c4-b823-85c984407f0e,47d5c812-6743-4233-b61f-c493c20537bf,17612628,Evie Roth,N,Schwab,Roth IRA,0,0,Jeanne Sullivan,,"SAUNDERS, EVIE AND BOB",666000088,,
287a2ffd-ee4e-48ad-821f-a2e9d50b6079,b5ccf561-c0d2-4f34-b0c0-c05522666351,638169022,Nancy Wall Trust,Y,Fidelity Investments,Taxable,0,0,Jeanne Sullivan,,NANCY WALL IRREVOCABLE TRUST,666000089,,
568ee9fa-f56e-432c-b1fc-6283a29aa0bd,c646733c-4e40-4ccf-9b48-7e5edb455f29,637247235,Maddox's UTMA,Y,Fidelity Investments,UGMA/UTMA,0,0,Jeanne Sullivan,,TIGHE-MORFIT UTMAs,666000090,,
568ee9fa-f56e-432c-b1fc-6283a29aa0bd,09af42cf-81b5-467a-afd8-a53f037d3fe9,649117536,Milo's UTMA,Y,Fidelity Investments,UGMA/UTMA,0,0,Jeanne Sullivan,,TIGHE-MORFIT UTMAs,666000090,,
568ee9fa-f56e-432c-b1fc-6283a29aa0bd,a46d4d7c-c5d9-4f6f-b507-84cda517ef39,637265853,Lily's UTMA,Y,Fidelity Investments,UGMA/UTMA,0,0,Jeanne Sullivan,,TIGHE-MORFIT UTMAs,666000090,,
b045560d-0b23-44e6-9773-fbf0d11f69a8,5a823c57-000e-4e14-a0a7-bc108a9cd917,638328038,Tom Roth,N,Fidelity Investments,Roth IRA,0,0,Jeanne Sullivan,,"HENNINGS, NILOO & TOM",666000091,,
b045560d-0b23-44e6-9773-fbf0d11f69a8,0037d8ee-a639-4c31-af50-ba63187ca65c,638328045,Tom IRA,N,Fidelity Investments,Traditional IRA,0,0,Jeanne Sullivan,,"HENNINGS, NILOO & TOM",666000091,,
b045560d-0b23-44e6-9773-fbf0d11f69a8,cca7a941-28b3-4e00-98b1-d8b2b121aec5,638328032,Niloo Roth,N,Fidelity Investments,Roth IRA,0,0,Jeanne Sullivan,,"HENNINGS, NILOO & TOM",666000091,,
3fb3bf87-8d61-4960-bd46-c07df1f84ee2,9684141c-3f10-4211-8996-c4629d7dfda5,613697664,Connor's UTMA,Y,Fidelity Investments,UGMA/UTMA,0,0,Jeanne Sullivan,,"SULLIVAN, CONNOR UTMA & COVERDELL",666000092,,
3fb3bf87-8d61-4960-bd46-c07df1f84ee2,949af369-159c-481a-a250-c70ee99c2bee,71633919,Coverdell,N,Schwab,Education IRA / Coverdell,0,0,Jeanne Sullivan,,"SULLIVAN, CONNOR UTMA & COVERDELL",666000092,,
05880a2e-80ed-4a4e-8acc-742d5509ebb7,90f090bf-b455-470b-b25e-1bab100ddb03,648810851,Jacqui's Rollover IRA,N,Fidelity Investments,Traditional Rollover IRA,0,0,Jeanne Sullivan,,"JURGA, JACQUI",666000093,,
a3fca83f-fac6-4f0c-a548-b6976b843c88,4fab889a-1b4e-4e93-972d-bd69ccea29ff,673950092,Dorothea IRA,N,Fidelity Investments,Traditional IRA,0,0,Jeanne Sullivan,,"BOWEN, DOROTHEA & CHARLIE",666000094,,
a3fca83f-fac6-4f0c-a548-b6976b843c88,f0bedc8f-1895-40a3-a63c-550ccaea89c8,673950149,Charlie IRA,N,Fidelity Investments,Traditional IRA,0,0,Jeanne Sullivan,,"BOWEN, DOROTHEA & CHARLIE",666000094,,
a3fca83f-fac6-4f0c-a548-b6976b843c88,8601d16e-306a-40ac-b3da-0af1c539e94b,673950106,Charlie Roth,N,Fidelity Investments,Roth IRA,0,0,Jeanne Sullivan,,"BOWEN, DOROTHEA & CHARLIE",666000094,,
a3fca83f-fac6-4f0c-a548-b6976b843c88,fcd25b19-c639-461c-8a9c-87fa75de1526,673950122,Dorothea Roth,N,Fidelity Investments,Roth IRA,0,0,Jeanne Sullivan,,"BOWEN, DOROTHEA & CHARLIE",666000094,,
a3fca83f-fac6-4f0c-a548-b6976b843c88,4015efc4-7c53-452e-a479-870a3fd707b8,673950114,Joint Account,Y,Fidelity Investments,Taxable,0,0,Jeanne Sullivan,,"BOWEN, DOROTHEA & CHARLIE",666000094,,
aee88542-de83-4e26-b620-a8b2108b2fa1,f8ccffba-3a0c-467c-b911-eaf6e184013b,303511633,Elizabeth Rollover IRA,N,Fidelity Investments,Traditional Rollover IRA,0,0,Jeanne Sullivan,,"GOLDY, ELIZABETH",666000095,,
aee88542-de83-4e26-b620-a8b2108b2fa1,56c51c8a-f0bc-4ce9-a364-88fb33bf7191,648109819,Elizabeth Roth IRA,N,Fidelity Investments,Roth IRA,0,0,Jeanne Sullivan,,"GOLDY, ELIZABETH",666000095,,
aee88542-de83-4e26-b620-a8b2108b2fa1,e2dbd678-07f2-46b7-ad5b-00fe99c12ef7,648006092,Elizabeth Taxable Account,Y,Fidelity Investments,Taxable,0,0,Jeanne Sullivan,,"GOLDY, ELIZABETH",666000095,,
24a9fc2a-0c33-4f45-a7c0-a9e1b8de4d81,a665ef07-7281-4644-97f5-b769e54c7279,676421785,Joanie Rollover IRA,N,Fidelity Investments,Traditional Rollover IRA,0,0,Jeanne Sullivan,,"SULLIVAN, JOANIE",666000096,,
2d2f3326-df4e-4d85-baee-cfff271a2a13,c73b9e66-e66a-422c-a245-aa6ad6d03552,673715719,Beth Ann Trust's IRA BDA,N,Fidelity Investments,Beneficiary IRA,0,0,Jeanne Sullivan,,"SCHMIDT, BETH ANN",666000097,,
7fae0bb4-8d99-4bad-907d-5bf54c7e19ec,665788f3-d4e0-4e37-a647-b292f443fa86,D4775823 AA1001 ARA101,Mary's Post Tax Retirement Annuity,N,TD Ameritrade Institutional,403(b),0,0,Jeanne Sullivan,,"JACOPPO, CHARLIE AND MARY",666000098,,
7fae0bb4-8d99-4bad-907d-5bf54c7e19ec,1f917fb9-8e2a-4f87-b442-7c27ca10b4ad,32218124,Mary's IRA,N,Schwab,Traditional IRA,0,0,Jeanne Sullivan,,"JACOPPO, CHARLIE AND MARY",666000098,,
7fae0bb4-8d99-4bad-907d-5bf54c7e19ec,def42779-de37-43ea-a063-3893a73ceb87,D4775823,Retirement Annuities,Y,TD Ameritrade Institutional,Taxable,0,0,Jeanne Sullivan,,"JACOPPO, CHARLIE AND MARY",666000098,,
7fae0bb4-8d99-4bad-907d-5bf54c7e19ec,829285b5-a7a6-4f56-80ea-1709f27d4139,71388947,Mary's Trust,Y,Schwab,Trust,0,0,Jeanne Sullivan,,"JACOPPO, CHARLIE AND MARY",666000098,,
7fae0bb4-8d99-4bad-907d-5bf54c7e19ec,d06164eb-4549-4dbc-9cdb-50801721b8c1,L52457A1 GS1002 200209,Mary's TDA Plan,N,TD Ameritrade Institutional,403(b),0,0,Jeanne Sullivan,,"JACOPPO, CHARLIE AND MARY",666000098,,
7fae0bb4-8d99-4bad-907d-5bf54c7e19ec,a9cbaa17-5446-48a3-aa81-8d2c0ac57de8,K5236308 GS1001 328123,Mary's TDA,N,TD Ameritrade Institutional,403(b),0,0,Jeanne Sullivan,,"JACOPPO, CHARLIE AND MARY",666000098,,
7fae0bb4-8d99-4bad-907d-5bf54c7e19ec,72edd38a-5b83-4b72-b6ee-1bd203125664,32546690,Charlie's Roth,N,Schwab,Roth IRA,0,0,Jeanne Sullivan,,"JACOPPO, CHARLIE AND MARY",666000098,,
7fae0bb4-8d99-4bad-907d-5bf54c7e19ec,ae5d646c-297e-479f-b9de-a22764bc135c,C2188864 RA6001 200208,Mary's MRD Plan,N,TD Ameritrade Institutional,403(b),0,0,Jeanne Sullivan,,"JACOPPO, CHARLIE AND MARY",666000098,,
7fae0bb4-8d99-4bad-907d-5bf54c7e19ec,76b0a910-d4d4-4bc1-b722-f4d2e8d505c3,32218126,Charlie's IRA,N,Schwab,Traditional Rollover IRA,0,0,Jeanne Sullivan,,"JACOPPO, CHARLIE AND MARY",666000098,,
7fae0bb4-8d99-4bad-907d-5bf54c7e19ec,a20f46fb-7765-483f-ba12-496371030154,60726549,Mary's Roth,N,Schwab,Roth IRA,0,0,Jeanne Sullivan,,"JACOPPO, CHARLIE AND MARY",666000098,,
7fae0bb4-8d99-4bad-907d-5bf54c7e19ec,4efd87b1-86cd-4970-9900-d6babd9085e8,C2188864 RA6001 328122,Mary's MRD Plan,N,TD Ameritrade Institutional,403(b),0,0,Jeanne Sullivan,,"JACOPPO, CHARLIE AND MARY",666000098,,
6725d990-0901-4ae7-a1dd-316f13594d37,ae21a6b7-7cce-40c6-b329-861d45b68f84,638292357,Luke Fidelity Roth,N,Fidelity Investments,Roth IRA,0,0,Jeanne Sullivan,,"SULLIVAN, LUKE",666000099,,
6725d990-0901-4ae7-a1dd-316f13594d37,2f92438c-c907-4911-9209-3bdc590f5073,645006531,645006531 - INDIVIDUAL,Y,Fidelity Investments,Individual,0,0,Jeanne Sullivan,,"SULLIVAN, LUKE",666000099,,
6725d990-0901-4ae7-a1dd-316f13594d37,05b08b08-b386-4d87-b5e5-244e7c99a1b4,53699560,Luke's Roth IRA,N,Schwab,Roth IRA,0,0,Jeanne Sullivan,,"SULLIVAN, LUKE",666000099,,
db76d13d-816c-4dea-85cd-0ddb300aa2a3,6523c2b0-b794-47cc-83e3-7a8fef500de9,613697753,Robert's Trust,Y,Fidelity Investments,Trust,0.29,11.07,Jeanne Sullivan,,"GIBSON, ROBERT",666000100,,
b633a85d-156c-4e74-b93e-d0f4e4cab5d0,975e6ef4-697e-4651-94d9-4601eeb2e9d8,186612677,Ann Rollover IRA,N,Fidelity Investments,Traditional Rollover IRA,0,0,Jeanne Sullivan,,"MCQUEEN, ANN",666000101,,
b633a85d-156c-4e74-b93e-d0f4e4cab5d0,00c6d2a3-ccb9-4441-be99-bf5fb34d53f5,119395188,Ann Roth,N,Fidelity Investments,Roth IRA,0,0,Jeanne Sullivan,,"MCQUEEN, ANN",666000101,,
b633a85d-156c-4e74-b93e-d0f4e4cab5d0,3915aa69-f1e5-427d-a370-cdf6d92a6e5e,X01415812,Ann Individual,Y,Fidelity Investments,Individual,0,0,Jeanne Sullivan,,"MCQUEEN, ANN",666000101,,
b633a85d-156c-4e74-b93e-d0f4e4cab5d0,d56b9301-b983-416c-8a98-a892d6d78fdd,216354015,Ann SEP,N,Fidelity Investments,Roth IRA,0,0,Jeanne Sullivan,,"MCQUEEN, ANN",666000101,,
01cab956-6732-478a-8316-fff7191edeba,07489df1-bbac-49d4-be65-ff90faed24bc,44783839,ENDA IRA,N,Schwab,Traditional Rollover IRA,0,0,Jeanne Sullivan,,"BRACKEN, ENDA",666000102,,
a45c8ad5-7e9a-4a6b-b8d9-9b130e30298d,6ed6c26a-ec81-4b8d-932b-1a9ee7a660a2,648622362,Lyn Traditional IRA,N,Fidelity Investments,Traditional IRA,0,0,Jeanne Sullivan,,"SCHMIDT, MARTY AND LYN",666000103,,
a45c8ad5-7e9a-4a6b-b8d9-9b130e30298d,cedc9931-bf89-4355-8ce8-f4db7afef2e8,676385784,Lyn Solo 401(k),N,Fidelity Investments,401(k),0,0,Jeanne Sullivan,,"SCHMIDT, MARTY AND LYN",666000103,,
a45c8ad5-7e9a-4a6b-b8d9-9b130e30298d,1e7c1bbe-9744-4eb7-afba-0cfd09d65614,673886467,Marty & Lyn Joint,Y,Fidelity Investments,Joint (JTWROS),0,0,Jeanne Sullivan,,"SCHMIDT, MARTY AND LYN",666000103,,
a45c8ad5-7e9a-4a6b-b8d9-9b130e30298d,564aa716-554c-4f5a-af7c-e7a4e9ccb8f8,673900680,Marty Beneficiary IRA,N,Fidelity Investments,Beneficiary IRA,0,0,Jeanne Sullivan,,"SCHMIDT, MARTY AND LYN",666000103,,
a45c8ad5-7e9a-4a6b-b8d9-9b130e30298d,6ec4f353-2cf7-4a67-868a-ee0a0353aebf,673886459,Marty Individual,Y,Fidelity Investments,Individual,0,0,Jeanne Sullivan,,"SCHMIDT, MARTY AND LYN",666000103,,
18d88c09-0ef7-401c-8f12-e00c78224266,67ab3126-9df8-4b89-8209-3e32beb055de,676086792,Margaret's Individual,Y,Fidelity Investments,Individual,0,0,Jeanne Sullivan,,"MORFIT, MARGARET",666000104,,
253747b8-5eb1-46b0-a7b8-c4bc36d462aa,bb1919da-7a1b-48ee-9e33-564609d2bdb6,638308048,Joint Account - Stocks,Y,Fidelity Investments,Taxable,0,0,Jeanne Sullivan,,D'ORLANDO - STOCKS,666000105,,
013915f5-57a9-4bef-959e-ffecdcbff69e,4a28dddd-4ba6-468c-a2fd-051895ebd2d7,638342235,Gerard TOD,Y,Fidelity Investments,Individual,0,0,Jeanne Sullivan,,BEALE HAYWARD,666000106,,
013915f5-57a9-4bef-959e-ffecdcbff69e,6f4459a8-3066-4e56-b90b-27fea2fbdedf,638342208,Tom Individual,Y,Fidelity Investments,Individual,0,0,Jeanne Sullivan,,BEALE HAYWARD,666000106,,
013915f5-57a9-4bef-959e-ffecdcbff69e,757721b2-4f5d-4a86-a773-f2790f6aadce,638342218,Tom IRA,N,Fidelity Investments,Traditional IRA,0,0,Jeanne Sullivan,,BEALE HAYWARD,666000106,,
013915f5-57a9-4bef-959e-ffecdcbff69e,414a4dd4-42d1-469c-9b0e-679c1a711109,B5608258 RA6001 328002,Gerard TIAA CREF,N,TIAA-CREF Financial Services,403(b),0,0,Jeanne Sullivan,,BEALE HAYWARD,666000106,,
5576bba5-3af9-410f-a36c-3c99f4210770,db38861f-a3e1-4a33-a82b-d96efc8b610a,613697770,Bill - TRADITIONAL IRA,N,Fidelity Investments,Traditional Rollover IRA,0,0,Jeanne Sullivan,,"SULLIVAN, JEANNE & BILL RETIREMENT",666000107,,
5576bba5-3af9-410f-a36c-3c99f4210770,91ebe8b9-0e05-42db-a939-a7171f06bd3d,613697630,Jeanne - TRADITIONAL IRA,N,Fidelity Investments,Traditional Rollover IRA,0,0,Jeanne Sullivan,,"SULLIVAN, JEANNE & BILL RETIREMENT",666000107,,
5576bba5-3af9-410f-a36c-3c99f4210770,bd5e6ea0-7793-4686-bc27-4926685ee68b,673867071,673867071 - Jeanne SEP,N,Fidelity Investments,SEP IRA,0,0,Jeanne Sullivan,,"SULLIVAN, JEANNE & BILL RETIREMENT",666000107,,
5576bba5-3af9-410f-a36c-3c99f4210770,8a30cfe3-cb01-40ec-8e65-0d3f7ba90ea9,613697788,613697788 - Jeanne Roth,N,Fidelity Investments,Roth IRA,0,0,Jeanne Sullivan,,"SULLIVAN, JEANNE & BILL RETIREMENT",666000107,,
5576bba5-3af9-410f-a36c-3c99f4210770,f85ded0f-a65f-46cb-ba1a-97416bf262cb,Jeanne401k,Jeanne 401(k),N,Microsoft Excel,401(k),0,0,Jeanne Sullivan,,"SULLIVAN, JEANNE & BILL RETIREMENT",666000107,,
5576bba5-3af9-410f-a36c-3c99f4210770,fd5a4dd6-4f72-4fc3-9334-efe134d983e9,649152161,649152161 - Jeanne SIMPLE,N,Fidelity Investments,SIMPLE IRA,0,0,Jeanne Sullivan,,"SULLIVAN, JEANNE & BILL RETIREMENT",666000107,,
5576bba5-3af9-410f-a36c-3c99f4210770,dcad6853-da21-46cb-b2a4-e6305182d018,613697761,613697761 - Bill Roth,N,Fidelity Investments,Roth IRA,0,0,Jeanne Sullivan,,"SULLIVAN, JEANNE & BILL RETIREMENT",666000107,,
844e9bd2-88db-44e2-b222-b9f5c48940d4,5da425c1-d81d-457e-a5ce-40d99d9eb758,301565679,Steve Rollover IRA,N,Fidelity Investments,Traditional Rollover IRA,0,0,Jeanne Sullivan,,WEISMAN DORMAN,666000108,,
844e9bd2-88db-44e2-b222-b9f5c48940d4,fdfc0104-82bd-487a-bf38-52ac9b1f4da8,Z67004472,Steve 401(k),N,Fidelity Investments,401(k),0,0,Jeanne Sullivan,,WEISMAN DORMAN,666000108,,
844e9bd2-88db-44e2-b222-b9f5c48940d4,b1221acb-e5e8-4c20-879a-d96b40a66c40,301814032,Molly Rollover IRA,N,Fidelity Investments,Traditional Rollover IRA,0,0,Jeanne Sullivan,,WEISMAN DORMAN,666000108,,
d3cbc606-73fc-4943-8311-5e80bc89e2af,c6386011-ebea-4c6f-8848-7388d941ee00,613639290,Pat's Rollover IRA,N,Fidelity Investments,Traditional Rollover IRA,0,0,Jeanne Sullivan,,"OVINGTON, PATRICK",666000109,,
3bb68e95-6fbd-42cb-9943-a9b94b255ae9,fac55a9b-0a20-4146-9c8f-cfdd55b4e5d5,638214751,Delois IRA,N,Fidelity Investments,Traditional IRA,0,0,Jeanne Sullivan,,"SMIDT, DELOIS",666000110,,
8025e65c-ead9-42ed-9841-b20925bd3850,7c0f4023-1a0c-423d-ab43-73bf6ac0f273,414205729,Sharon Beneficiary IRA,N,Fidelity Investments,Beneficiary IRA,0,0,Jeanne Sullivan,,"MATT, SHARON",666000111,,
8025e65c-ead9-42ed-9841-b20925bd3850,fea23a2f-d4f3-436a-b726-016259678a6c,190842605,Sharon Rollover IRA,N,Fidelity Investments,Traditional Rollover IRA,0,0,Jeanne Sullivan,,"MATT, SHARON",666000111,,
8025e65c-ead9-42ed-9841-b20925bd3850,0122ef6a-ffac-49cc-bed6-647bac628048,648228486,Sharon Investment Account,Y,Fidelity Investments,Taxable,0,0,Jeanne Sullivan,,"MATT, SHARON",666000111,,
c3d16bcf-f74e-4582-9eaf-d056115dbc1e,fa7a59d9-10b5-4900-be9e-48c8ce303c3a,614007668,Joint Account,Y,Fidelity Investments,Joint (JTWROS),0,0,Jeanne Sullivan,,"D'ORLANDO, DAVE AND KAY",666000112,,
c3d16bcf-f74e-4582-9eaf-d056115dbc1e,c3acfe7a-279a-4392-b0ba-0cd70dc13f6e,614007641,Dave's IRA,N,Fidelity Investments,Traditional IRA,0,0,Jeanne Sullivan,,"D'ORLANDO, DAVE AND KAY",666000112,,
c3d16bcf-f74e-4582-9eaf-d056115dbc1e,449ccad6-eeb6-4fb7-9115-9b19ce3bdfff,636834327,Kay's Roth,N,Fidelity Investments,Roth IRA,0,0,Jeanne Sullivan,,"D'ORLANDO, DAVE AND KAY",666000112,,
193f8755-db9a-44b9-bde3-86f573f0d971,e4db6dc4-ed94-4241-ab48-28fad61a63aa,67375561,Julie's Rollover IRA,N,Schwab,Traditional Rollover IRA,0,0,Jeanne Sullivan,,"O'MALLEY, PATRICK & JULIE",666000113,,
193f8755-db9a-44b9-bde3-86f573f0d971,2c5d8725-d4d7-4805-8eb5-7ac2eb9f490c,20808401,Pat's Rollover IRA,N,Schwab,Traditional Rollover IRA,0,0,Jeanne Sullivan,,"O'MALLEY, PATRICK & JULIE",666000113,,
193f8755-db9a-44b9-bde3-86f573f0d971,fc4faaac-17e5-4457-86da-fadc758ca278,20985681,Pat's SIMPLE,N,Schwab,SIMPLE IRA,0,0,Jeanne Sullivan,,"O'MALLEY, PATRICK & JULIE",666000113,,
193f8755-db9a-44b9-bde3-86f573f0d971,ff699e6d-012a-4f02-aec7-59b85594b138,43470164,Joint Account,Y,Schwab,Taxable,0,0,Jeanne Sullivan,,"O'MALLEY, PATRICK & JULIE",666000113,,
193f8755-db9a-44b9-bde3-86f573f0d971,72588288-1e59-49db-b517-15251932edae,21003279,Julie's Roth,N,Schwab,Roth IRA,0,0,Jeanne Sullivan,,"O'MALLEY, PATRICK & JULIE",666000113,,
193f8755-db9a-44b9-bde3-86f573f0d971,04e2df37-ee44-491e-b2f3-32ad758ffe0f,81754727,Pat's Roth,N,Schwab,Roth IRA,0,0,Jeanne Sullivan,,"O'MALLEY, PATRICK & JULIE",666000113,,
