HouseholdId,HouseholdDescription,ModelID,ModelName
da146b35-3abd-4a18-901f-d71922df21db,"MURPHY, LORI AND PAT",23799819-7e3f-4c71-8927-638bf6005dd2,Growth Model
5576bba5-3af9-410f-a36c-3c99f4210770,"SULLIVAN, JEANNE & BILL RETIREMENT",23799819-7e3f-4c71-8927-638bf6005dd2,Growth Model
8124b802-d459-4d09-91fe-ee1f8d9f85f4,Neil IRA,23799819-7e3f-4c71-8927-638bf6005dd2,Growth Model
73f8aebc-2c7f-43aa-8d17-8975d9703e24,1019823 - JOINT - WITH RIGHTS OF S,23799819-7e3f-4c71-8927-638bf6005dd2,Growth Model
110a2470-44f3-49a9-be67-c37eaa5bc641,Kyle Keogh,23799819-7e3f-4c71-8927-638bf6005dd2,Growth Model
f1fdeedf-3979-47b8-809d-727183e468a1,Rebecca Roth,23799819-7e3f-4c71-8927-638bf6005dd2,Growth Model
da0bc6c6-65b5-4109-81ff-5167be4ee060,Greg's Rollover IRA,23799819-7e3f-4c71-8927-638bf6005dd2,Growth Model
6d47fb8a-42d2-4d3e-8e5c-bb9d3fd12b08,638149277 - JOINT - WITH RIGHTS OF S,23799819-7e3f-4c71-8927-638bf6005dd2,Growth Model
193f8067-e766-4c42-8f1e-ca84f91aa548,Cynthia Roth IRA,23799819-7e3f-4c71-8927-638bf6005dd2,Growth Model
e66ef2ce-4347-4498-a783-263f2a0fad9c,Drew IRA,23799819-7e3f-4c71-8927-638bf6005dd2,Growth Model
a306121a-9a9d-4d83-a481-cbd6124686e4,Individual Account,23799819-7e3f-4c71-8927-638bf6005dd2,Growth Model
c5bb385d-527a-4b2f-876c-9649f55303f7,Sharon Roth,23799819-7e3f-4c71-8927-638bf6005dd2,Growth Model
d0059a3f-b8e1-4f00-a9d3-45dffbcc7c76,Bathon Stock Account,23799819-7e3f-4c71-8927-638bf6005dd2,Growth Model
628e95b4-14e1-410f-a77a-dd467ef1c142,Judy's Individual,23799819-7e3f-4c71-8927-638bf6005dd2,Growth Model
702fd9de-371c-4144-96d6-cfd6777d135f,Alice's UTMA,23799819-7e3f-4c71-8927-638bf6005dd2,Growth Model
08f55f6f-f880-4673-b476-1b5ab67f7fde,Giovanna Gift Fund,23799819-7e3f-4c71-8927-638bf6005dd2,Growth Model
3bc47994-194f-4873-84b5-c7dad2586211,Joanne's TOD Individual,23799819-7e3f-4c71-8927-638bf6005dd2,Growth Model
3bc47994-194f-4873-84b5-c7dad2586211,Joanne's Keogh,23799819-7e3f-4c71-8927-638bf6005dd2,Growth Model
28f994e8-1210-4c77-9440-58bc5a9a3039,John Roth,23799819-7e3f-4c71-8927-638bf6005dd2,Growth Model
e98e7ab0-179f-4959-b26a-cb93440d7a54,Natalie's UTMA,23799819-7e3f-4c71-8927-638bf6005dd2,Growth Model
2864f030-f0db-4aaa-95ec-9ec0052c4533,Jeanne's Individual,23799819-7e3f-4c71-8927-638bf6005dd2,Growth Model
632877c2-06ac-4c93-afad-6bfc67f57fa5,Tim's TOD,23799819-7e3f-4c71-8927-638bf6005dd2,Growth Model
259ad1b6-195b-4e55-b4e6-7ca2f1d5b675,Eric Roth IRA,23799819-7e3f-4c71-8927-638bf6005dd2,Growth Model
2bdbc4a1-4f78-4df0-b554-f3270e0b5dc7,1020994 - JOINT - WITH RIGHTS OF S,23799819-7e3f-4c71-8927-638bf6005dd2,Growth Model
fc7768c1-22e8-46e6-8a46-d2a003095a32,ROTH IRA,23799819-7e3f-4c71-8927-638bf6005dd2,Growth Model
e7a1fc39-2a98-40e0-aff0-98a0bc815519,638298309 - CUSTODIAL UNIFORM TRANSF,23799819-7e3f-4c71-8927-638bf6005dd2,Growth Model
c503d1b1-1bde-4154-8dfe-003f99f651be,Jane's SEP,23799819-7e3f-4c71-8927-638bf6005dd2,Growth Model
db7c39a8-615b-4980-8975-f4c9fd99e14f,Margaret Mary's Trust,23799819-7e3f-4c71-8927-638bf6005dd2,Growth Model
d00e65ab-056b-4f7a-9ac3-e2db3296573a,Diane's Rollover IRA,23799819-7e3f-4c71-8927-638bf6005dd2,Growth Model
6673bfba-3ea9-4ebf-950e-e8ade3748198,Karen's Individual,23799819-7e3f-4c71-8927-638bf6005dd2,Growth Model
cfc184b0-125d-4f60-bfdf-dc7a357cb782,Phil IRA,23799819-7e3f-4c71-8927-638bf6005dd2,Growth Model
27ea97e2-3211-436e-b647-1c6cc8e526bd,1011482 - JOINT - WITH RIGHTS OF S,23799819-7e3f-4c71-8927-638bf6005dd2,Growth Model
0d490c1b-c78f-4305-beff-7813e19095a2,Barbara Individual Account,23799819-7e3f-4c71-8927-638bf6005dd2,Growth Model
33350538-9a28-42fc-ac9c-6061389c62d0,Chris 401(k),23799819-7e3f-4c71-8927-638bf6005dd2,Growth Model
e6b763e0-f630-4359-96cc-42135d295102,Trust,23799819-7e3f-4c71-8927-638bf6005dd2,Growth Model
11eaa0c9-344a-467e-973b-ead676a40e8d,Huong IRA,23799819-7e3f-4c71-8927-638bf6005dd2,Growth Model
a3983cd6-c791-49fe-a416-28bced391b3d,Deb's Roth,23799819-7e3f-4c71-8927-638bf6005dd2,Growth Model
a3983cd6-c791-49fe-a416-28bced391b3d,Deb's TOD Individual,23799819-7e3f-4c71-8927-638bf6005dd2,Growth Model
7f8a0bb5-474b-4601-9e81-e9620e827d6a,Phil TIAA CREF,23799819-7e3f-4c71-8927-638bf6005dd2,Growth Model
60299212-1f8b-42a7-a4c4-c622ea0426ed,Ryan UTMA,23799819-7e3f-4c71-8927-638bf6005dd2,Growth Model
a042d800-8022-48fe-81bd-243342b3832c,Sullivan Family Gift Fund,23799819-7e3f-4c71-8927-638bf6005dd2,Growth Model
62b5aca9-9f65-41ba-b80a-334e5b64c99e,Mark's 529 UTMA,23799819-7e3f-4c71-8927-638bf6005dd2,Growth Model
ce89b9f2-d6e2-4b35-967b-9ffcebd78f57,Matthew UTMA,23799819-7e3f-4c71-8927-638bf6005dd2,Growth Model
0e4a39a8-fbf8-485a-bd3f-8c4a71dffdf7,Sheila Rollover,23799819-7e3f-4c71-8927-638bf6005dd2,Growth Model
e0e4cecf-50cc-42ef-946d-10b1c0301f85,Judy's IRA,23799819-7e3f-4c71-8927-638bf6005dd2,Growth Model
bf9ee97a-e306-4337-b315-9c663a1076de,Mave's SEP,23799819-7e3f-4c71-8927-638bf6005dd2,Growth Model
cccbf2c4-80ad-4d9a-a3d0-3e9f7873d462,Ted's Trust,23799819-7e3f-4c71-8927-638bf6005dd2,Growth Model
bed63adf-7d12-4162-a14e-659f0158c399,Judy's Stocks,23799819-7e3f-4c71-8927-638bf6005dd2,Growth Model
257bb7ff-adb4-43da-a1d3-c5df701352c2,Ann IRA,23799819-7e3f-4c71-8927-638bf6005dd2,Growth Model
aa9a410d-5008-4efb-a0b9-3e7782caf73f,Ann Inherited IRA,23799819-7e3f-4c71-8927-638bf6005dd2,Growth Model
4bdd2380-5629-4147-9fa5-2f4a61d662d7,Siobhan IRA,23799819-7e3f-4c71-8927-638bf6005dd2,Growth Model
2a8ddb11-6922-42c3-a7d0-f50eb83b9597,Natasha UTMA,23799819-7e3f-4c71-8927-638bf6005dd2,Growth Model
42663ba8-7283-4b37-9f36-84c82990c83a,Pat Rollover IRA,23799819-7e3f-4c71-8927-638bf6005dd2,Growth Model
ef48c7c5-39a7-4398-ba13-115560adcd9a,Casey IRA,23799819-7e3f-4c71-8927-638bf6005dd2,Growth Model
78da792a-a41a-411d-9f40-506978c9b2bc,Paul IRA,23799819-7e3f-4c71-8927-638bf6005dd2,Growth Model
fec3f618-2ce0-4680-a3dc-8bc61ad0f92c,Elaine IRA,23799819-7e3f-4c71-8927-638bf6005dd2,Growth Model
fdc89de9-e557-4da5-acde-5287b5a344bc,Bathon Joint,23799819-7e3f-4c71-8927-638bf6005dd2,Growth Model
f22a00fd-afd2-4541-95df-8699446097a1,Nichole Rollover IRA,23799819-7e3f-4c71-8927-638bf6005dd2,Growth Model
805ba828-8498-425e-b14c-1473a19dae5e,Jeremy IRA,23799819-7e3f-4c71-8927-638bf6005dd2,Growth Model
f46aa39c-6b07-4f5b-baa6-f53dcb612e2b,Jess & Jed's Joint,23799819-7e3f-4c71-8927-638bf6005dd2,Growth Model
4282edcb-a78d-41f8-9e00-6bdaa9fcc867,638298321 - CUSTODIAL UNIFORM TRANSF,ef153b28-cd96-4791-bb49-9491f0138b68,Burbridge
d532bfcd-b8b9-4ff9-a4f1-775f0e95ce44,Luke's UTMA,ef153b28-cd96-4791-bb49-9491f0138b68,Burbridge
7ade4592-1cce-4bcb-ba37-0cd560f18b5c,Patrick UTMA,ef153b28-cd96-4791-bb49-9491f0138b68,Burbridge
6fd33839-bad7-4907-a86c-eab0abacf037,638118509 - ROTH IRA,ef153b28-cd96-4791-bb49-9491f0138b68,Burbridge
7035124f-b1a5-43b9-8a1c-8c7bb95a688b,Marshall and Grace Joint Account,ef153b28-cd96-4791-bb49-9491f0138b68,Burbridge
465c8f97-57c9-4666-a8a7-e28fb54be0e1,Tom Trust,ef153b28-cd96-4791-bb49-9491f0138b68,Burbridge
5baf1eae-22a4-4304-a488-28601589e56d,Peg Trust,ef153b28-cd96-4791-bb49-9491f0138b68,Burbridge
863301fc-20bb-40e3-8d5e-7e30701322ae,Cathy's Rollover IRA,ef153b28-cd96-4791-bb49-9491f0138b68,Burbridge
0070b4ef-5ce4-4d25-b1ac-0298a792a6a1,Debbie's Rollover IRA,ef153b28-cd96-4791-bb49-9491f0138b68,Burbridge
234ccce9-011f-49bc-a06c-db3ef0526a5a,Susi IRA,ef153b28-cd96-4791-bb49-9491f0138b68,Burbridge
2d6d70f5-2302-449f-b13a-ad8ccc248dfe,Raymond's IDA,ef153b28-cd96-4791-bb49-9491f0138b68,Burbridge
18ed9e07-072f-4172-9b87-e743dd41990d,Brian's Rollover IRA,ef153b28-cd96-4791-bb49-9491f0138b68,Burbridge
5c308d63-4d22-45bc-b2bb-f86575646b8e,Jenifer Roth IRA,ef153b28-cd96-4791-bb49-9491f0138b68,Burbridge
a80edec6-873b-45c0-aa5a-36cd8fdcbfd5,Holly's Roth,ef153b28-cd96-4791-bb49-9491f0138b68,Burbridge
eb558272-5bda-4744-9d15-967f3ab19dc1,Erica Beneficiary IRA,ef153b28-cd96-4791-bb49-9491f0138b68,Burbridge
f5da2a15-5309-4683-a41e-b800923cf0e1,Greg IRA,ef153b28-cd96-4791-bb49-9491f0138b68,Burbridge
2ad3599c-76ce-4835-b3fc-97c4e3b5e408,Stephen Roth IRA,ef153b28-cd96-4791-bb49-9491f0138b68,Burbridge
ef9df8ca-0bae-4815-9a18-ceeab90716d8,Joint Account,ef153b28-cd96-4791-bb49-9491f0138b68,Burbridge
960b54da-2346-49ee-899c-db7ef073057f,Rollover IRA,ef153b28-cd96-4791-bb49-9491f0138b68,Burbridge
4c09ad96-095f-481f-be38-549984ac708a,Wade Roth,ef153b28-cd96-4791-bb49-9491f0138b68,Burbridge
e3fe8d5f-a8bd-4781-8b2a-7ba9ba7488e5,Susan Rollover,ef153b28-cd96-4791-bb49-9491f0138b68,Burbridge
6a16deee-e784-4cce-ba9e-2a03f1b19997,638096209 - INDIVIDUAL,ef153b28-cd96-4791-bb49-9491f0138b68,Burbridge
9b79a60b-cf03-4aff-b70a-0895cef7d86a,Rosanne's Individual ,ef153b28-cd96-4791-bb49-9491f0138b68,Burbridge
488b0d67-b18f-4df4-8bcb-5153d7d23381,Mandy Roth,ef153b28-cd96-4791-bb49-9491f0138b68,Burbridge
2065b082-08c8-4421-9703-94db674ed0a2,Renee IRA,ef153b28-cd96-4791-bb49-9491f0138b68,Burbridge
7d738268-eb00-4e92-90da-723b0248b667,Brad's UTMA,ef153b28-cd96-4791-bb49-9491f0138b68,Burbridge
da5e40c2-0453-4010-a857-e42f5f2c587d,8025631,ef153b28-cd96-4791-bb49-9491f0138b68,Burbridge
4eb6819b-cefe-485c-8431-56b4a958a97b,Valerie IRA,ef153b28-cd96-4791-bb49-9491f0138b68,Burbridge
0236447a-c237-43b4-91b3-dd070535b4da,128067 - JOINT - WITH RIGHTS OF S,ef153b28-cd96-4791-bb49-9491f0138b68,Burbridge
939782a3-ec3d-4f47-9ff9-c1bf2949394f,Helene's Individual,ef153b28-cd96-4791-bb49-9491f0138b68,Burbridge
c50f5e2a-6705-48c4-b823-85c984407f0e,Evie's IRA,ef153b28-cd96-4791-bb49-9491f0138b68,Burbridge
287a2ffd-ee4e-48ad-821f-a2e9d50b6079,Nancy Wall Trust,ef153b28-cd96-4791-bb49-9491f0138b68,Burbridge
568ee9fa-f56e-432c-b1fc-6283a29aa0bd,Maddox's UTMA,ef153b28-cd96-4791-bb49-9491f0138b68,Burbridge
b045560d-0b23-44e6-9773-fbf0d11f69a8,Tom Roth,f5c43a86-2170-42ff-b568-ca6729a9d5f9,Sharaf
3fb3bf87-8d61-4960-bd46-c07df1f84ee2,Connor's UTMA,f5c43a86-2170-42ff-b568-ca6729a9d5f9,Sharaf
05880a2e-80ed-4a4e-8acc-742d5509ebb7,Jacqui's Rollover IRA,f5c43a86-2170-42ff-b568-ca6729a9d5f9,Sharaf
a3fca83f-fac6-4f0c-a548-b6976b843c88,Dorothea IRA,f5c43a86-2170-42ff-b568-ca6729a9d5f9,Sharaf
aee88542-de83-4e26-b620-a8b2108b2fa1,Elizabeth Rollover IRA,f5c43a86-2170-42ff-b568-ca6729a9d5f9,Sharaf
24a9fc2a-0c33-4f45-a7c0-a9e1b8de4d81,Joanie Rollover IRA,f5c43a86-2170-42ff-b568-ca6729a9d5f9,Sharaf
2d2f3326-df4e-4d85-baee-cfff271a2a13,Beth Ann Trust's IRA BDA,f5c43a86-2170-42ff-b568-ca6729a9d5f9,Sharaf
7fae0bb4-8d99-4bad-907d-5bf54c7e19ec,Mary's Post Tax Retirement Annuity,f5c43a86-2170-42ff-b568-ca6729a9d5f9,Sharaf
6725d990-0901-4ae7-a1dd-316f13594d37,Luke Fidelity Roth,f5c43a86-2170-42ff-b568-ca6729a9d5f9,Sharaf
db76d13d-816c-4dea-85cd-0ddb300aa2a3,Robert's Trust,f5c43a86-2170-42ff-b568-ca6729a9d5f9,Sharaf
b633a85d-156c-4e74-b93e-d0f4e4cab5d0,Ann Rollover IRA,f5c43a86-2170-42ff-b568-ca6729a9d5f9,Sharaf
01cab956-6732-478a-8316-fff7191edeba,ENDA IRA,f5c43a86-2170-42ff-b568-ca6729a9d5f9,Sharaf
a45c8ad5-7e9a-4a6b-b8d9-9b130e30298d,Lyn Traditional IRA,f5c43a86-2170-42ff-b568-ca6729a9d5f9,Sharaf
18d88c09-0ef7-401c-8f12-e00c78224266,Margaret's Individual,f5c43a86-2170-42ff-b568-ca6729a9d5f9,Sharaf
253747b8-5eb1-46b0-a7b8-c4bc36d462aa,Joint Account - Stocks,f5c43a86-2170-42ff-b568-ca6729a9d5f9,Sharaf
013915f5-57a9-4bef-959e-ffecdcbff69e,Gerard TOD,f5c43a86-2170-42ff-b568-ca6729a9d5f9,Sharaf
844e9bd2-88db-44e2-b222-b9f5c48940d4,Steve Rollover IRA,f5c43a86-2170-42ff-b568-ca6729a9d5f9,Sharaf
d3cbc606-73fc-4943-8311-5e80bc89e2af,Pat's Rollover IRA,f5c43a86-2170-42ff-b568-ca6729a9d5f9,Sharaf
3bb68e95-6fbd-42cb-9943-a9b94b255ae9,Delois IRA,f5c43a86-2170-42ff-b568-ca6729a9d5f9,Sharaf
8025e65c-ead9-42ed-9841-b20925bd3850,Sharon Beneficiary IRA,f5c43a86-2170-42ff-b568-ca6729a9d5f9,Sharaf
c3d16bcf-f74e-4582-9eaf-d056115dbc1e,Joint Account,f5c43a86-2170-42ff-b568-ca6729a9d5f9,Sharaf
c3d16bcf-f74e-4582-9eaf-d056115dbc1e,Kay's Roth,f5c43a86-2170-42ff-b568-ca6729a9d5f9,Sharaf
193f8755-db9a-44b9-bde3-86f573f0d971,Julie's Rollover IRA,f5c43a86-2170-42ff-b568-ca6729a9d5f9,Sharaf
