ModelID,ModelName,ModelType,SecSymbol,ProductName,Perc
ef153b28-cd96-4791-bb49-9491f0138b68,Burbridge,Subclass,US Txbl Int Term Bonds,US Txbl Int Term Bonds,2
ef153b28-cd96-4791-bb49-9491f0138b68,Burbridge,Subclass,Non-US Emrg Stock,Non-US Emrg Stock,2
ef153b28-cd96-4791-bb49-9491f0138b68,Burbridge,Subclass,Non-US Dev Bonds,Non-US Dev Bonds,2
ef153b28-cd96-4791-bb49-9491f0138b68,Burbridge,Subclass,Specialty/Sector,Specialty/Sector,3
ef153b28-cd96-4791-bb49-9491f0138b68,Burbridge,Subclass,US Large Cap Growth,US Large Cap Growth,4
ef153b28-cd96-4791-bb49-9491f0138b68,Burbridge,Subclass,Int'l Equity - Core,Int'l Equity - Core,6
ef153b28-cd96-4791-bb49-9491f0138b68,Burbridge,Subclass,Equity - US Mid Cap,Equity - US Mid Cap,8
ef153b28-cd96-4791-bb49-9491f0138b68,Burbridge,Subclass,Balanced,Balanced,8
ef153b28-cd96-4791-bb49-9491f0138b68,Burbridge,Subclass,Equity - US Large Cap,Equity - US Large Cap,1
ef153b28-cd96-4791-bb49-9491f0138b68,Burbridge,Subclass,Taxable - Core Bonds,Taxable - Core Bonds,5
ef153b28-cd96-4791-bb49-9491f0138b68,Burbridge,Subclass,Cash & Equivalents,Cash & Equivalents,3
ef153b28-cd96-4791-bb49-9491f0138b68,Burbridge,Subclass,Portfolio Diversifiers,Portfolio Diversifiers,3
ef153b28-cd96-4791-bb49-9491f0138b68,Burbridge,Subclass,Equity - US Small Cap,Equity - US Small Cap,1
ef153b28-cd96-4791-bb49-9491f0138b68,Burbridge,Subclass,Int'l Equity - Emg Mks,Int'l Equity - Emg Mks,4
ef153b28-cd96-4791-bb49-9491f0138b68,Burbridge,Subclass,Int'l Equity - Stocks,Int'l Equity - Stocks,1
ef153b28-cd96-4791-bb49-9491f0138b68,Burbridge,Subclass,Int'l Equity - Small Cap,Int'l Equity - Small Cap,5
ef153b28-cd96-4791-bb49-9491f0138b68,Burbridge,Subclass,Not Classified,Not Classified,5
ef153b28-cd96-4791-bb49-9491f0138b68,Burbridge,Subclass,Non-US Dev Stock,Non-US Dev Stock,4
ef153b28-cd96-4791-bb49-9491f0138b68,Burbridge,Subclass,Tax Exempt - US Muni Bonds,Tax Exempt - US Muni Bonds,4
ef153b28-cd96-4791-bb49-9491f0138b68,Burbridge,Subclass,Taxable - International Bonds,Taxable - International Bonds,5
ef153b28-cd96-4791-bb49-9491f0138b68,Burbridge,Subclass,Taxable - Non-Trad & Hi Yield,Taxable - Non-Trad & Hi Yield,9
ef153b28-cd96-4791-bb49-9491f0138b68,Burbridge,Subclass,Taxable - US High Yield Bonds,Taxable - US High Yield Bonds,9
ef153b28-cd96-4791-bb49-9491f0138b68,Burbridge,Subclass,US High Yield Bonds,US High Yield Bonds,2
ef153b28-cd96-4791-bb49-9491f0138b68,Burbridge,Subclass,US Large Cap Blend,US Large Cap Blend,2
ef153b28-cd96-4791-bb49-9491f0138b68,Burbridge,Subclass,US Mid Cap Growth,US Mid Cap Growth,2
23799819-7e3f-4c71-8927-638bf6005dd2,Growth Model,Subclass,Cash & Equivalents,Cash & Equivalents,2
23799819-7e3f-4c71-8927-638bf6005dd2,Growth Model,Subclass,Taxable - Fxd Inc Alternatives,Taxable - Fxd Inc Alternatives,2
23799819-7e3f-4c71-8927-638bf6005dd2,Growth Model,Subclass,Int'l Equity - Emg Mks,Int'l Equity - Emg Mks,4
23799819-7e3f-4c71-8927-638bf6005dd2,Growth Model,Subclass,Taxable - Core Bonds,Taxable - Core Bonds,4
23799819-7e3f-4c71-8927-638bf6005dd2,Growth Model,Subclass,Taxable - International Bonds,Taxable - International Bonds,4
23799819-7e3f-4c71-8927-638bf6005dd2,Growth Model,Subclass,Equity - Alternatives/Low Vol,Equity - Alternatives/Low Vol,5
23799819-7e3f-4c71-8927-638bf6005dd2,Growth Model,Subclass,Int'l Equity - Small Cap,Int'l Equity - Small Cap,5
23799819-7e3f-4c71-8927-638bf6005dd2,Growth Model,Subclass,Portfolio Diversifiers,Portfolio Diversifiers,7
23799819-7e3f-4c71-8927-638bf6005dd2,Growth Model,Subclass,Taxable - Non-Trad & Hi Yield,Taxable - Non-Trad & Hi Yield,9
23799819-7e3f-4c71-8927-638bf6005dd2,Growth Model,Subclass,Equity - US Large Cap,Equity - US Large Cap,1
23799819-7e3f-4c71-8927-638bf6005dd2,Growth Model,Subclass,Int'l Equity - Core,Int'l Equity - Core,7
23799819-7e3f-4c71-8927-638bf6005dd2,Growth Model,Subclass,Not Classified,Not Classified,7
23799819-7e3f-4c71-8927-638bf6005dd2,Growth Model,Subclass,Balanced,Balanced,9
23799819-7e3f-4c71-8927-638bf6005dd2,Growth Model,Subclass,Equity - US Mid Cap,Equity - US Mid Cap,4
23799819-7e3f-4c71-8927-638bf6005dd2,Growth Model,Subclass,Equity - US Small Cap,Equity - US Small Cap,3
23799819-7e3f-4c71-8927-638bf6005dd2,Growth Model,Subclass,Fixed Income-Other,Fixed Income-Other,1
23799819-7e3f-4c71-8927-638bf6005dd2,Growth Model,Subclass,Int'l Equity - Value,Int'l Equity - Value,1
23799819-7e3f-4c71-8927-638bf6005dd2,Growth Model,Subclass,Non-US Dev Bonds,Non-US Dev Bonds,2
23799819-7e3f-4c71-8927-638bf6005dd2,Growth Model,Subclass,Non-US Dev Stock,Non-US Dev Stock,1
23799819-7e3f-4c71-8927-638bf6005dd2,Growth Model,Subclass,Non-US Emrg Stock,Non-US Emrg Stock,1
23799819-7e3f-4c71-8927-638bf6005dd2,Growth Model,Subclass,Tax Exempt - US Muni Bonds,Tax Exempt - US Muni Bonds,1
23799819-7e3f-4c71-8927-638bf6005dd2,Growth Model,Subclass,Taxable - US High Yield Bonds,Taxable - US High Yield Bonds,1
23799819-7e3f-4c71-8927-638bf6005dd2,Growth Model,Subclass,US High Yield Bonds,US High Yield Bonds,2
23799819-7e3f-4c71-8927-638bf6005dd2,Growth Model,Subclass,US Large Cap Blend,US Large Cap Blend,2
23799819-7e3f-4c71-8927-638bf6005dd2,Growth Model,Subclass,US Large Cap Growth,US Large Cap Growth,5
23799819-7e3f-4c71-8927-638bf6005dd2,Growth Model,Subclass,US Large Cap Value,US Large Cap Value,5
23799819-7e3f-4c71-8927-638bf6005dd2,Growth Model,Subclass,US Txbl Short Term Bonds,US Txbl Short Term Bonds,5
f5c43a86-2170-42ff-b568-ca6729a9d5f9,Sharaf,Subclass,Equity - US Mid Cap,Equity - US Mid Cap,6
f5c43a86-2170-42ff-b568-ca6729a9d5f9,Sharaf,Subclass,Equity - US Large Cap,Equity - US Large Cap,10
f5c43a86-2170-42ff-b568-ca6729a9d5f9,Sharaf,Subclass,Non-US Dev Stock,Non-US Dev Stock,7
f5c43a86-2170-42ff-b568-ca6729a9d5f9,Sharaf,Subclass,Taxable - Core Bonds,Taxable - Core Bonds,2
f5c43a86-2170-42ff-b568-ca6729a9d5f9,Sharaf,Subclass,Tax Exempt - US Muni Bonds,Tax Exempt - US Muni Bonds,2
f5c43a86-2170-42ff-b568-ca6729a9d5f9,Sharaf,Subclass,Equity - US Small Cap,Equity - US Small Cap,5
f5c43a86-2170-42ff-b568-ca6729a9d5f9,Sharaf,Subclass,Fixed Income-Other,Fixed Income-Other,1
f5c43a86-2170-42ff-b568-ca6729a9d5f9,Sharaf,Subclass,Int'l Equity - Core,Int'l Equity - Core,6
f5c43a86-2170-42ff-b568-ca6729a9d5f9,Sharaf,Subclass,Int'l Equity - Emg Mks,Int'l Equity - Emg Mks,4
f5c43a86-2170-42ff-b568-ca6729a9d5f9,Sharaf,Subclass,Int'l Equity - Small Cap,Int'l Equity - Small Cap,5
f5c43a86-2170-42ff-b568-ca6729a9d5f9,Sharaf,Subclass,Not Classified,Not Classified,5
f5c43a86-2170-42ff-b568-ca6729a9d5f9,Sharaf,Subclass,Non-US Dev Bonds,Non-US Dev Bonds,3
f5c43a86-2170-42ff-b568-ca6729a9d5f9,Sharaf,Subclass,Non-US Emrg Stock,Non-US Emrg Stock,3
f5c43a86-2170-42ff-b568-ca6729a9d5f9,Sharaf,Subclass,Specialty/Sector,Specialty/Sector,3
f5c43a86-2170-42ff-b568-ca6729a9d5f9,Sharaf,Subclass,Taxable - Non-Trad & Hi Yield,Taxable - Non-Trad & Hi Yield,9
f5c43a86-2170-42ff-b568-ca6729a9d5f9,Sharaf,Subclass,US High Yield Bonds,US High Yield Bonds,2
f5c43a86-2170-42ff-b568-ca6729a9d5f9,Sharaf,Subclass,US Large Cap Blend,US Large Cap Blend,2
f5c43a86-2170-42ff-b568-ca6729a9d5f9,Sharaf,Subclass,US Large Cap Growth,US Large Cap Growth,4
f5c43a86-2170-42ff-b568-ca6729a9d5f9,Sharaf,Subclass,US Large Cap Value,US Large Cap Value,4
f5c43a86-2170-42ff-b568-ca6729a9d5f9,Sharaf,Subclass,US Txbl Int Term Bonds,US Txbl Int Term Bonds,6
f5c43a86-2170-42ff-b568-ca6729a9d5f9,Sharaf,Subclass,Portfolio Diversifiers,Portfolio Diversifiers,7
f5c43a86-2170-42ff-b568-ca6729a9d5f9,Sharaf,Subclass,Taxable - International Bonds,Taxable - International Bonds,4
